issue_number,pr_number,pr_url,path,additions,deletions
15469,15478,https://github.com/lowRISC/opentitan/pull/15478,hw/ip/edn/rtl/edn_core.sv,56,5
15182,15192,https://github.com/lowRISC/opentitan/pull/15192,hw/top_earlgrey/data/autogen/top_earlgrey.gen.hjson,37,37
15182,15192,https://github.com/lowRISC/opentitan/pull/15192,hw/top_earlgrey/dv/autogen/xbar_env_pkg__params.sv,37,37
15182,15192,https://github.com/lowRISC/opentitan/pull/15192,hw/top_earlgrey/dv/autogen/xbar_tgl_excl.cfg,37,37
15182,15192,https://github.com/lowRISC/opentitan/pull/15192,hw/top_earlgrey/ip/ast/rtl/ast.sv,1,1
15182,15192,https://github.com/lowRISC/opentitan/pull/15192,hw/top_earlgrey/ip/xbar_main/data/autogen/xbar_main.gen.hjson,14,14
15182,15192,https://github.com/lowRISC/opentitan/pull/15192,hw/top_earlgrey/ip/xbar_main/dv/autogen/xbar_cover.cfg,14,14
15182,15192,https://github.com/lowRISC/opentitan/pull/15192,hw/top_earlgrey/ip/xbar_main/dv/autogen/xbar_env_pkg__params.sv,14,14
15182,15192,https://github.com/lowRISC/opentitan/pull/15192,hw/top_earlgrey/ip/xbar_main/rtl/autogen/tl_main_pkg.sv,14,14
15182,15192,https://github.com/lowRISC/opentitan/pull/15192,hw/top_earlgrey/ip/xbar_peri/data/autogen/xbar_peri.gen.hjson,23,23
15182,15192,https://github.com/lowRISC/opentitan/pull/15192,hw/top_earlgrey/ip/xbar_peri/dv/autogen/xbar_cover.cfg,23,23
15182,15192,https://github.com/lowRISC/opentitan/pull/15192,hw/top_earlgrey/ip/xbar_peri/dv/autogen/xbar_env_pkg__params.sv,23,23
15182,15192,https://github.com/lowRISC/opentitan/pull/15192,hw/top_earlgrey/ip/xbar_peri/rtl/autogen/tl_peri_pkg.sv,23,23
15182,15192,https://github.com/lowRISC/opentitan/pull/15192,hw/top_earlgrey/rtl/autogen/top_earlgrey_pkg.sv,37,37
15182,15192,https://github.com/lowRISC/opentitan/pull/15192,hw/top_earlgrey/sw/autogen/top_earlgrey.h,37,37
15182,15192,https://github.com/lowRISC/opentitan/pull/15192,hw/top_earlgrey/sw/autogen/top_earlgrey_memory.h,37,37
15182,15192,https://github.com/lowRISC/opentitan/pull/15192,util/tlgen/lib.py,2,2
15182,15192,https://github.com/lowRISC/opentitan/pull/15192,util/tlgen/validate.py,36,1
15182,15192,https://github.com/lowRISC/opentitan/pull/15192,util/topgen/lib.py,2,3
15155,15208,https://github.com/lowRISC/opentitan/pull/15208,hw/ip/flash_ctrl/data/flash_ctrl.sv.tpl,3,0
15155,15208,https://github.com/lowRISC/opentitan/pull/15208,hw/ip/flash_ctrl/rtl/flash_ctrl.sv,3,0
15155,15208,https://github.com/lowRISC/opentitan/pull/15208,hw/ip/flash_ctrl/rtl/flash_phy.sv,7,2
15155,15208,https://github.com/lowRISC/opentitan/pull/15208,hw/ip/flash_ctrl/rtl/flash_phy_core.sv,97,31
15155,15208,https://github.com/lowRISC/opentitan/pull/15208,hw/top_earlgrey/ip/flash_ctrl/rtl/autogen/flash_ctrl.sv,3,0
14616,14727,https://github.com/lowRISC/opentitan/pull/14727,hw/ip/flash_ctrl/data/flash_ctrl.sv.tpl,27,6
14616,14727,https://github.com/lowRISC/opentitan/pull/14727,hw/ip/flash_ctrl/data/flash_ctrl_pkg.sv.tpl,3,1
14616,14727,https://github.com/lowRISC/opentitan/pull/14727,hw/ip/flash_ctrl/rtl/flash_ctrl.sv,27,6
14616,14727,https://github.com/lowRISC/opentitan/pull/14727,hw/ip/flash_ctrl/rtl/flash_ctrl_pkg.sv,3,1
14616,14727,https://github.com/lowRISC/opentitan/pull/14727,hw/top_earlgrey/ip/flash_ctrl/rtl/autogen/flash_ctrl.sv,27,6
14616,14727,https://github.com/lowRISC/opentitan/pull/14727,hw/top_earlgrey/ip/flash_ctrl/rtl/autogen/flash_ctrl_pkg.sv,3,1
14540,14575,https://github.com/lowRISC/opentitan/pull/14575,hw/ip/otbn/rtl/otbn_controller.sv,29,13
14540,14575,https://github.com/lowRISC/opentitan/pull/14575,hw/ip/otbn/rtl/otbn_core.sv,22,14
14540,14575,https://github.com/lowRISC/opentitan/pull/14575,hw/ip/otbn/rtl/otbn_rf_base.sv,6,7
14540,14575,https://github.com/lowRISC/opentitan/pull/14575,hw/ip/otbn/rtl/otbn_rf_bignum.sv,8,8
14556,14558,https://github.com/lowRISC/opentitan/pull/14558,hw/ip_templates/alert_handler/rtl/alert_handler_ping_timer.sv,16,4
14556,14558,https://github.com/lowRISC/opentitan/pull/14558,hw/top_earlgrey/ip_autogen/alert_handler/rtl/alert_handler_ping_timer.sv,16,4
14057,14065,https://github.com/lowRISC/opentitan/pull/14065,hw/ip/spi_device/rtl/spi_cmdparse.sv,5,1
13977,13955,https://github.com/lowRISC/opentitan/pull/13955,hw/dv/sv/jtag_dmi_agent/jtag_dmi_reg_block.sv,19,2
13977,13955,https://github.com/lowRISC/opentitan/pull/13955,hw/dv/sv/jtag_dmi_agent/sba_access_item.sv,18,25
13977,13955,https://github.com/lowRISC/opentitan/pull/13955,hw/dv/sv/jtag_dmi_agent/sba_access_monitor.sv,45,16
13977,13955,https://github.com/lowRISC/opentitan/pull/13955,hw/dv/sv/jtag_dmi_agent/sba_access_utils_pkg.sv,101,37
13977,13955,https://github.com/lowRISC/opentitan/pull/13955,hw/ip/rv_dm/dv/env/rv_dm_scoreboard.sv,16,5
13977,13955,https://github.com/lowRISC/opentitan/pull/13955,hw/ip/rv_dm/dv/env/seq_lib/rv_dm_sba_tl_access_vseq_lib.sv,48,86
13977,13955,https://github.com/lowRISC/opentitan/pull/13955,hw/ip/rv_dm/rtl/rv_dm.sv,2,1
13977,13955,https://github.com/lowRISC/opentitan/pull/13955,hw/ip/tlul/rtl/tlul_adapter_host.sv,5,2
13977,13955,https://github.com/lowRISC/opentitan/pull/13955,hw/ip/tlul/rtl/tlul_rsp_intg_chk.sv,16,4
13808,13815,https://github.com/lowRISC/opentitan/pull/13815,hw/ip/flash_ctrl/flash_ctrl.core,2,1
13808,13815,https://github.com/lowRISC/opentitan/pull/13815,hw/ip/flash_ctrl/rtl/flash_phy_rd.sv,49,8
13808,13815,https://github.com/lowRISC/opentitan/pull/13815,hw/ip/flash_ctrl/rtl/flash_phy_rd_buf_dep.sv,124,0
13751,13794,https://github.com/lowRISC/opentitan/pull/13794,hw/ip/flash_ctrl/rtl/flash_mp.sv,17,10
13689,13691,https://github.com/lowRISC/opentitan/pull/13691,hw/ip/flash_ctrl/rtl/flash_phy_pkg.sv,1,0
13689,13691,https://github.com/lowRISC/opentitan/pull/13691,hw/ip/flash_ctrl/rtl/flash_phy_rd.sv,8,2
13689,13691,https://github.com/lowRISC/opentitan/pull/13691,hw/ip/flash_ctrl/rtl/flash_phy_rd_buffers.sv,6,0
13641,14650,https://github.com/lowRISC/opentitan/pull/14650,hw/ip/otbn/rtl/otbn.sv,1,0
13641,14650,https://github.com/lowRISC/opentitan/pull/14650,hw/ip/otbn/rtl/otbn_controller.sv,24,1
13641,14650,https://github.com/lowRISC/opentitan/pull/14650,hw/ip/otbn/rtl/otbn_core.sv,1,0
13633,13656,https://github.com/lowRISC/opentitan/pull/13656,hw/ip/csrng/data/csrng.hjson,1,1
13633,13656,https://github.com/lowRISC/opentitan/pull/13656,hw/ip/csrng/rtl/csrng_core.sv,4,4
13633,13656,https://github.com/lowRISC/opentitan/pull/13656,hw/ip/csrng/rtl/csrng_reg_pkg.sv,7,7
13633,13656,https://github.com/lowRISC/opentitan/pull/13656,hw/ip/csrng/rtl/csrng_reg_top.sv,6,6
13363,13365,https://github.com/lowRISC/opentitan/pull/13365,hw/ip/tlul/rtl/tlul_lc_gate.sv,3,3
13354,13356,https://github.com/lowRISC/opentitan/pull/13356,hw/top_earlgrey/data/autogen/top_earlgrey.gen.hjson,45,3
13354,13356,https://github.com/lowRISC/opentitan/pull/13356,hw/top_earlgrey/data/top_earlgrey.hjson,7,4
13354,13356,https://github.com/lowRISC/opentitan/pull/13356,hw/top_earlgrey/ip/rstmgr/rtl/autogen/rstmgr.sv,166,64
13354,13356,https://github.com/lowRISC/opentitan/pull/13356,hw/top_earlgrey/ip/rstmgr/rtl/autogen/rstmgr_pkg.sv,7,1
13354,13356,https://github.com/lowRISC/opentitan/pull/13356,hw/top_earlgrey/ip/xbar_main/data/autogen/xbar_main.gen.hjson,3,3
13354,13356,https://github.com/lowRISC/opentitan/pull/13356,hw/top_earlgrey/rtl/autogen/top_earlgrey.sv,26,14
13354,13356,https://github.com/lowRISC/opentitan/pull/13356,util/topgen/merge.py,6,0
13175,13551,https://github.com/lowRISC/opentitan/pull/13551,hw/ip/lc_ctrl/data/lc_ctrl.hjson,3,3
13175,13551,https://github.com/lowRISC/opentitan/pull/13551,hw/ip/lc_ctrl/rtl/lc_ctrl.sv,3,3
13175,13551,https://github.com/lowRISC/opentitan/pull/13551,hw/ip/lc_ctrl/rtl/lc_ctrl_fsm.sv,25,0
13179,13208,https://github.com/lowRISC/opentitan/pull/13208,hw/top_earlgrey/data/autogen/top_earlgrey.gen.hjson,4,4
13179,13208,https://github.com/lowRISC/opentitan/pull/13208,hw/top_earlgrey/data/top_earlgrey.hjson,1,1
13179,13208,https://github.com/lowRISC/opentitan/pull/13208,hw/top_earlgrey/ip_autogen/alert_handler/data/alert_handler.hjson,1,1
13179,13208,https://github.com/lowRISC/opentitan/pull/13208,hw/top_earlgrey/ip_autogen/alert_handler/data/top_earlgrey_alert_handler.ipconfig.hjson,1,1
13179,13208,https://github.com/lowRISC/opentitan/pull/13208,hw/top_earlgrey/ip_autogen/alert_handler/rtl/alert_handler_reg_pkg.sv,1,1
13179,13208,https://github.com/lowRISC/opentitan/pull/13208,hw/top_earlgrey/rtl/autogen/top_earlgrey.sv,2,2
13076,13209,https://github.com/lowRISC/opentitan/pull/13209,hw/ip/rstmgr/dv/sva/rstmgr_bind.sv,3,0
13076,13209,https://github.com/lowRISC/opentitan/pull/13209,hw/ip/rstmgr/dv/sva/rstmgr_cascading_sva_if.sv,3,0
13076,13209,https://github.com/lowRISC/opentitan/pull/13209,hw/top_earlgrey/data/autogen/top_earlgrey.gen.hjson,15,2
13076,13209,https://github.com/lowRISC/opentitan/pull/13209,hw/top_earlgrey/data/top_earlgrey.hjson,2,1
13076,13209,https://github.com/lowRISC/opentitan/pull/13209,hw/top_earlgrey/ip/rstmgr/data/autogen/rstmgr.hjson,1,1
13076,13209,https://github.com/lowRISC/opentitan/pull/13209,hw/top_earlgrey/ip/rstmgr/rtl/autogen/rstmgr.sv,61,47
13076,13209,https://github.com/lowRISC/opentitan/pull/13209,hw/top_earlgrey/ip/rstmgr/rtl/autogen/rstmgr_pkg.sv,7,4
13076,13209,https://github.com/lowRISC/opentitan/pull/13209,hw/top_earlgrey/ip/rstmgr/rtl/autogen/rstmgr_reg_pkg.sv,30,24
13076,13209,https://github.com/lowRISC/opentitan/pull/13209,hw/top_earlgrey/ip/rstmgr/rtl/autogen/rstmgr_reg_top.sv,118,35
13076,13209,https://github.com/lowRISC/opentitan/pull/13209,hw/top_earlgrey/rtl/autogen/top_earlgrey.sv,8,4
13076,13209,https://github.com/lowRISC/opentitan/pull/13209,hw/top_earlgrey/sw/autogen/top_earlgrey.h,5,4
13076,13209,https://github.com/lowRISC/opentitan/pull/13209,sw/device/lib/dif/dif_rstmgr.c,1,1
12981,12988,https://github.com/lowRISC/opentitan/pull/12988,hw/ip/pwrmgr/dv/sva/pwrmgr_rstmgr_bind.sv,1,1
12981,12988,https://github.com/lowRISC/opentitan/pull/12988,hw/ip/pwrmgr/rtl/pwrmgr.sv,12,4
12981,12988,https://github.com/lowRISC/opentitan/pull/12988,hw/top_earlgrey/dv/sva/top_earlgrey_bind.sv,1,1
12996,13018,https://github.com/lowRISC/opentitan/pull/13018,hw/ip/kmac/rtl/keccak_round.sv,19,10
12996,13018,https://github.com/lowRISC/opentitan/pull/13018,hw/ip/kmac/rtl/kmac_entropy.sv,7,4
12921,12932,https://github.com/lowRISC/opentitan/pull/12932,hw/ip/clkmgr/data/clkmgr.sv.tpl,7,5
12921,12932,https://github.com/lowRISC/opentitan/pull/12932,hw/ip/clkmgr/rtl/clkmgr_trans.sv,63,12
12921,12932,https://github.com/lowRISC/opentitan/pull/12932,hw/top_earlgrey/ip/clkmgr/rtl/autogen/clkmgr.sv,28,20
12865,13095,https://github.com/lowRISC/opentitan/pull/13095,hw/ip/clkmgr/data/clkmgr.hjson.tpl,3,1
12865,13095,https://github.com/lowRISC/opentitan/pull/13095,hw/ip/clkmgr/data/clkmgr.sv.tpl,25,11
12865,13095,https://github.com/lowRISC/opentitan/pull/13095,hw/ip/clkmgr/doc/_index.md,17,0
12865,13095,https://github.com/lowRISC/opentitan/pull/13095,hw/ip/clkmgr/doc/clkmgr_rst_domain.svg,1,0
12865,13095,https://github.com/lowRISC/opentitan/pull/13095,hw/ip/clkmgr/dv/tb.sv,6,1
12865,13095,https://github.com/lowRISC/opentitan/pull/13095,hw/ip/prim/rtl/prim_assert.sv,17,6
12865,13095,https://github.com/lowRISC/opentitan/pull/13095,hw/ip/pwrmgr/rtl/pwrmgr_fsm.sv,4,5
12865,13095,https://github.com/lowRISC/opentitan/pull/13095,hw/ip/rstmgr/dv/sva/rstmgr_cascading_sva_if.sv,8,8
12865,13095,https://github.com/lowRISC/opentitan/pull/13095,hw/top_earlgrey/data/autogen/top_earlgrey.gen.hjson,49,37
12865,13095,https://github.com/lowRISC/opentitan/pull/13095,hw/top_earlgrey/data/top_earlgrey.hjson,11,10
12865,13095,https://github.com/lowRISC/opentitan/pull/13095,hw/top_earlgrey/ip/clkmgr/data/autogen/clkmgr.hjson,1,1
12865,13095,https://github.com/lowRISC/opentitan/pull/13095,hw/top_earlgrey/ip/clkmgr/rtl/autogen/clkmgr.sv,25,13
12865,13095,https://github.com/lowRISC/opentitan/pull/13095,hw/top_earlgrey/ip/rstmgr/rtl/autogen/rstmgr.sv,240,186
12865,13095,https://github.com/lowRISC/opentitan/pull/13095,hw/top_earlgrey/ip/rstmgr/rtl/autogen/rstmgr_pkg.sv,9,7
12865,13095,https://github.com/lowRISC/opentitan/pull/13095,hw/top_earlgrey/rtl/autogen/top_earlgrey.sv,35,31
12865,13095,https://github.com/lowRISC/opentitan/pull/13095,hw/top_englishbreakfast/data/top_englishbreakfast.hjson,5,4
12718,12784,https://github.com/lowRISC/opentitan/pull/12784,hw/ip/adc_ctrl/rtl/adc_ctrl_reg_top.sv,395,228
12718,12784,https://github.com/lowRISC/opentitan/pull/12784,hw/ip/aes/rtl/aes_ctrl_reg_shadowed.sv,7,0
12718,12784,https://github.com/lowRISC/opentitan/pull/12784,hw/ip/aes/rtl/aes_reg_top.sv,50,0
12718,12784,https://github.com/lowRISC/opentitan/pull/12784,hw/ip/aon_timer/rtl/aon_timer_reg_top.sv,106,65
12718,12784,https://github.com/lowRISC/opentitan/pull/12784,hw/ip/clkmgr/rtl/clkmgr_reg_top.sv,6,0
12718,12784,https://github.com/lowRISC/opentitan/pull/12784,hw/ip/csrng/rtl/csrng_reg_top.sv,59,0
12718,12784,https://github.com/lowRISC/opentitan/pull/12784,hw/ip/edn/rtl/edn_reg_top.sv,36,0
12718,12784,https://github.com/lowRISC/opentitan/pull/12784,hw/ip/entropy_src/rtl/entropy_src_reg_top.sv,126,0
12718,12784,https://github.com/lowRISC/opentitan/pull/12784,hw/ip/flash_ctrl/rtl/flash_ctrl_core_reg_top.sv,387,0
12718,12784,https://github.com/lowRISC/opentitan/pull/12784,hw/ip/gpio/rtl/gpio_reg_top.sv,20,0
12718,12784,https://github.com/lowRISC/opentitan/pull/12784,hw/ip/hmac/rtl/hmac_reg_top.sv,39,0
12718,12784,https://github.com/lowRISC/opentitan/pull/12784,hw/ip/i2c/rtl/i2c_reg_top.sv,108,0
12718,12784,https://github.com/lowRISC/opentitan/pull/12784,hw/ip/keymgr/rtl/keymgr_reg_top.sv,87,0
12718,12784,https://github.com/lowRISC/opentitan/pull/12784,hw/ip/kmac/rtl/kmac_reg_top.sv,89,0
12718,12784,https://github.com/lowRISC/opentitan/pull/12784,hw/ip/lc_ctrl/rtl/lc_ctrl_reg_top.sv,45,0
12718,12784,https://github.com/lowRISC/opentitan/pull/12784,hw/ip/otbn/rtl/otbn_reg_top.sv,34,0
12718,12784,https://github.com/lowRISC/opentitan/pull/12784,hw/ip/otp_ctrl/rtl/otp_ctrl_core_reg_top.sv,69,0
12718,12784,https://github.com/lowRISC/opentitan/pull/12784,hw/ip/otp_ctrl/rtl/otp_ctrl_prim_reg_top.sv,34,0
12718,12784,https://github.com/lowRISC/opentitan/pull/12784,hw/ip/pattgen/rtl/pattgen_reg_top.sv,21,0
12718,12784,https://github.com/lowRISC/opentitan/pull/12784,hw/ip/pinmux/rtl/pinmux_reg_top.sv,1119,193
12718,12784,https://github.com/lowRISC/opentitan/pull/12784,hw/ip/prim/prim_subreg.core,2,1
12718,12784,https://github.com/lowRISC/opentitan/pull/12784,hw/ip/prim/rtl/prim_reg_cdc.sv,55,22
12718,12784,https://github.com/lowRISC/opentitan/pull/12784,hw/ip/prim/rtl/prim_reg_cdc_arb.sv,253,0
12718,12784,https://github.com/lowRISC/opentitan/pull/12784,hw/ip/prim/rtl/prim_subreg.sv,6,0
12718,12784,https://github.com/lowRISC/opentitan/pull/12784,hw/ip/prim/rtl/prim_subreg_ext.sv,4,0
12718,12784,https://github.com/lowRISC/opentitan/pull/12784,hw/ip/prim/rtl/prim_subreg_shadow.sv,4,0
12718,12784,https://github.com/lowRISC/opentitan/pull/12784,hw/ip/pwm/rtl/pwm_reg_top.sv,263,174
12718,12784,https://github.com/lowRISC/opentitan/pull/12784,hw/ip/pwrmgr/rtl/pwrmgr_reg_top.sv,21,0
12718,12784,https://github.com/lowRISC/opentitan/pull/12784,hw/ip/rom_ctrl/rtl/rom_ctrl_regs_reg_top.sv,19,0
12718,12784,https://github.com/lowRISC/opentitan/pull/12784,hw/ip/rstmgr/rtl/rstmgr_reg_top.sv,12,0
12718,12784,https://github.com/lowRISC/opentitan/pull/12784,hw/ip/rv_core_ibex/rtl/rv_core_ibex_cfg_reg_top.sv,34,0
12718,12784,https://github.com/lowRISC/opentitan/pull/12784,hw/ip/rv_dm/rtl/rv_dm_regs_reg_top.sv,1,0
12718,12784,https://github.com/lowRISC/opentitan/pull/12784,hw/ip/rv_timer/rtl/rv_timer_reg_top.sv,11,0
12718,12784,https://github.com/lowRISC/opentitan/pull/12784,hw/ip/spi_device/rtl/spi_device_reg_top.sv,673,0
12718,12784,https://github.com/lowRISC/opentitan/pull/12784,hw/ip/spi_host/rtl/spi_host_reg_top.sv,55,0
12718,12784,https://github.com/lowRISC/opentitan/pull/12784,hw/ip/sram_ctrl/rtl/sram_ctrl_regs_reg_top.sv,12,0
12718,12784,https://github.com/lowRISC/opentitan/pull/12784,hw/ip/sysrst_ctrl/rtl/sysrst_ctrl_reg_top.sv,560,309
12718,12784,https://github.com/lowRISC/opentitan/pull/12784,hw/ip/trial1/rtl/trial1_reg_top.sv,32,0
12718,12784,https://github.com/lowRISC/opentitan/pull/12784,hw/ip/uart/rtl/uart_reg_top.sv,53,0
12718,12784,https://github.com/lowRISC/opentitan/pull/12784,hw/ip/usbdev/rtl/usbdev_reg_top.sv,386,76
12718,12784,https://github.com/lowRISC/opentitan/pull/12784,hw/top_earlgrey/ip/ast/rtl/ast_reg_top.sv,44,0
12718,12784,https://github.com/lowRISC/opentitan/pull/12784,hw/top_earlgrey/ip/clkmgr/rtl/autogen/clkmgr_reg_top.sv,185,150
12718,12784,https://github.com/lowRISC/opentitan/pull/12784,hw/top_earlgrey/ip/flash_ctrl/rtl/autogen/flash_ctrl_core_reg_top.sv,387,0
12718,12784,https://github.com/lowRISC/opentitan/pull/12784,hw/top_earlgrey/ip/pinmux/rtl/autogen/pinmux_reg_top.sv,1407,193
12718,12784,https://github.com/lowRISC/opentitan/pull/12784,hw/top_earlgrey/ip/pwrmgr/rtl/autogen/pwrmgr_reg_top.sv,38,0
12718,12784,https://github.com/lowRISC/opentitan/pull/12784,hw/top_earlgrey/ip/rstmgr/rtl/autogen/rstmgr_reg_top.sv,34,0
12718,12784,https://github.com/lowRISC/opentitan/pull/12784,hw/top_earlgrey/ip/sensor_ctrl/rtl/sensor_ctrl_reg_top.sv,64,0
12718,12784,https://github.com/lowRISC/opentitan/pull/12784,hw/top_earlgrey/ip_autogen/alert_handler/rtl/alert_handler_reg_top.sv,379,0
12718,12784,https://github.com/lowRISC/opentitan/pull/12784,hw/top_earlgrey/ip_autogen/rv_plic/rtl/rv_plic_reg_top.sv,568,0
12718,12784,https://github.com/lowRISC/opentitan/pull/12784,util/reggen/reg_top.sv.tpl,71,54
12718,12784,https://github.com/lowRISC/opentitan/pull/12784,util/reggen/register.py,10,0
12500,12613,https://github.com/lowRISC/opentitan/pull/12613,hw/ip/rv_dm/lint/rv_dm.waiver,15,0
12500,12613,https://github.com/lowRISC/opentitan/pull/12613,hw/ip/rv_dm/rtl/rv_dm.sv,1,0
12500,12613,https://github.com/lowRISC/opentitan/pull/12613,hw/top_earlgrey/dv/chip_sim_cfg.hjson,19,0
12500,12613,https://github.com/lowRISC/opentitan/pull/12613,hw/top_earlgrey/dv/env/chip_env.core,1,0
12500,12613,https://github.com/lowRISC/opentitan/pull/12613,hw/top_earlgrey/dv/env/seq_lib/chip_base_vseq.sv,44,0
12500,12613,https://github.com/lowRISC/opentitan/pull/12613,hw/top_earlgrey/dv/env/seq_lib/chip_jtag_mem_vseq.sv,1,45
12500,12613,https://github.com/lowRISC/opentitan/pull/12613,hw/top_earlgrey/dv/env/seq_lib/chip_stub_cpu_base_vseq.sv,6,6
12500,12613,https://github.com/lowRISC/opentitan/pull/12613,hw/top_earlgrey/dv/env/seq_lib/chip_tap_straps_vseq.sv,191,0
12500,12613,https://github.com/lowRISC/opentitan/pull/12613,hw/top_earlgrey/dv/env/seq_lib/chip_vseq_list.sv,1,0
12500,12613,https://github.com/lowRISC/opentitan/pull/12613,hw/top_earlgrey/dv/tb/tb.sv,5,2
12500,12613,https://github.com/lowRISC/opentitan/pull/12613,hw/vendor/patches/pulp_riscv_dbg/0001-Use-lowrisc-instead-of-PULP-primitives.patch,169,45
12500,12613,https://github.com/lowRISC/opentitan/pull/12613,hw/vendor/patches/pulp_riscv_dbg/0002-Minor-lint-fix.patch,34,0
12500,12613,https://github.com/lowRISC/opentitan/pull/12613,hw/vendor/pulp_riscv_dbg.lock.hjson,1,1
12500,12613,https://github.com/lowRISC/opentitan/pull/12613,hw/vendor/pulp_riscv_dbg/Bender.yml,43,10
12500,12613,https://github.com/lowRISC/opentitan/pull/12613,hw/vendor/pulp_riscv_dbg/CHANGELOG.md,12,0
12500,12613,https://github.com/lowRISC/opentitan/pull/12613,hw/vendor/pulp_riscv_dbg/doc/debug-system.md,170,0
12500,12613,https://github.com/lowRISC/opentitan/pull/12613,hw/vendor/pulp_riscv_dbg/src/dm_csrs.sv,2,1
12500,12613,https://github.com/lowRISC/opentitan/pull/12613,hw/vendor/pulp_riscv_dbg/src/dm_pkg.sv,11,0
12500,12613,https://github.com/lowRISC/opentitan/pull/12613,hw/vendor/pulp_riscv_dbg/src/dm_top.sv,3,1
12500,12613,https://github.com/lowRISC/opentitan/pull/12613,hw/vendor/pulp_riscv_dbg/src/dmi_cdc.sv,47,5
12500,12613,https://github.com/lowRISC/opentitan/pull/12613,hw/vendor/pulp_riscv_dbg/src/dmi_jtag.sv,175,117
12500,12613,https://github.com/lowRISC/opentitan/pull/12613,hw/vendor/pulp_riscv_dbg/src/dmi_jtag_tap.sv,42,72
12500,12613,https://github.com/lowRISC/opentitan/pull/12613,hw/vendor/pulp_riscv_dbg/tb/remote_bitbang/remote_bitbang.c,1,1
12502,12505,https://github.com/lowRISC/opentitan/pull/12505,hw/ip/spi_device/rtl/spi_device_pkg.sv,0,2
12502,12505,https://github.com/lowRISC/opentitan/pull/12505,hw/ip/spi_device/rtl/spi_passthrough.sv,13,3
12502,12505,https://github.com/lowRISC/opentitan/pull/12505,hw/ip/spi_host/dv/env/spi_passthrough_if.sv,0,1
12502,12505,https://github.com/lowRISC/opentitan/pull/12505,hw/ip/spi_host/dv/tb.sv,1,3
12502,12505,https://github.com/lowRISC/opentitan/pull/12505,hw/ip/spi_host/rtl/spi_host.sv,0,3
12382,12384,https://github.com/lowRISC/opentitan/pull/12384,hw/ip/spi_device/rtl/spid_readbuffer.sv,1,1
12388,12425,https://github.com/lowRISC/opentitan/pull/12425,hw/ip/spi_device/rtl/spid_readbuffer.sv,1,1
12342,12355,https://github.com/lowRISC/opentitan/pull/12355,hw/ip/spi_device/rtl/spi_p2s.sv,7,16
12284,13950,https://github.com/lowRISC/opentitan/pull/13950,hw/ip/pwrmgr/data/pwrmgr.hjson,1,1
12284,13950,https://github.com/lowRISC/opentitan/pull/13950,hw/ip/pwrmgr/data/pwrmgr.hjson.tpl,2,1
12284,13950,https://github.com/lowRISC/opentitan/pull/13950,hw/ip/pwrmgr/dv/env/seq_lib/pwrmgr_esc_clk_rst_malfunc_vseq.sv,4,4
12284,13950,https://github.com/lowRISC/opentitan/pull/13950,hw/ip/pwrmgr/dv/sva/pwrmgr_bind.sv,2,2
12284,13950,https://github.com/lowRISC/opentitan/pull/13950,hw/ip/pwrmgr/dv/sva/pwrmgr_sec_cm_checker_assert.sv,4,4
12284,13950,https://github.com/lowRISC/opentitan/pull/13950,hw/ip/pwrmgr/dv/tb.sv,2,2
12284,13950,https://github.com/lowRISC/opentitan/pull/13950,hw/ip/pwrmgr/rtl/pwrmgr.sv,19,17
12284,13950,https://github.com/lowRISC/opentitan/pull/13950,hw/ip/rstmgr/data/rstmgr.hjson,16,0
12284,13950,https://github.com/lowRISC/opentitan/pull/13950,hw/ip/rstmgr/data/rstmgr.hjson.tpl,15,2
12284,13950,https://github.com/lowRISC/opentitan/pull/13950,hw/ip/rstmgr/data/rstmgr.sv.tpl,33,15
12284,13950,https://github.com/lowRISC/opentitan/pull/13950,hw/ip/rstmgr/dv/env/seq_lib/rstmgr_base_vseq.sv,1,0
12284,13950,https://github.com/lowRISC/opentitan/pull/13950,hw/ip/rstmgr/dv/sva/rstmgr_bind.sv,1,1
12284,13950,https://github.com/lowRISC/opentitan/pull/13950,hw/ip/rstmgr/dv/tb.sv,3,1
12284,13950,https://github.com/lowRISC/opentitan/pull/13950,hw/ip/rstmgr/rstmgr.core,1,0
12284,13950,https://github.com/lowRISC/opentitan/pull/13950,hw/ip/rstmgr/rtl/rstmgr_reg_top.sv,22,12
12284,13950,https://github.com/lowRISC/opentitan/pull/13950,hw/top_earlgrey/data/autogen/top_earlgrey.gen.hjson,21,9
12284,13950,https://github.com/lowRISC/opentitan/pull/13950,hw/top_earlgrey/data/top_earlgrey.hjson,21,6
12284,13950,https://github.com/lowRISC/opentitan/pull/13950,hw/top_earlgrey/ip/pwrmgr/data/autogen/pwrmgr.hjson,2,1
12284,13950,https://github.com/lowRISC/opentitan/pull/13950,hw/top_earlgrey/ip/pwrmgr/rtl/autogen/pwrmgr_reg_top.sv,15,8
12284,13950,https://github.com/lowRISC/opentitan/pull/13950,hw/top_earlgrey/ip/rstmgr/data/autogen/rstmgr.hjson,23,7
12284,13950,https://github.com/lowRISC/opentitan/pull/13950,hw/top_earlgrey/ip/rstmgr/rtl/autogen/rstmgr.sv,44,44
12284,13950,https://github.com/lowRISC/opentitan/pull/13950,hw/top_earlgrey/ip/rstmgr/rtl/autogen/rstmgr_reg_pkg.sv,32,15
12284,13950,https://github.com/lowRISC/opentitan/pull/13950,hw/top_earlgrey/ip/rstmgr/rtl/autogen/rstmgr_reg_top.sv,64,20
12284,13950,https://github.com/lowRISC/opentitan/pull/13950,hw/top_earlgrey/ip_autogen/alert_handler/data/alert_handler.hjson,2,2
12284,13950,https://github.com/lowRISC/opentitan/pull/13950,hw/top_earlgrey/ip_autogen/alert_handler/data/top_earlgrey_alert_handler.ipconfig.hjson,2,2
12284,13950,https://github.com/lowRISC/opentitan/pull/13950,hw/top_earlgrey/ip_autogen/alert_handler/rtl/alert_handler_reg_pkg.sv,2,2
12284,13950,https://github.com/lowRISC/opentitan/pull/13950,hw/top_earlgrey/rtl/autogen/top_earlgrey.sv,6,4
12284,13950,https://github.com/lowRISC/opentitan/pull/13950,hw/top_englishbreakfast/data/top_englishbreakfast.hjson,4,4
12284,13950,https://github.com/lowRISC/opentitan/pull/13950,util/reggen/multi_register.py,5,1
12284,13950,https://github.com/lowRISC/opentitan/pull/13950,util/reggen/reg_block.py,13,0
12284,13950,https://github.com/lowRISC/opentitan/pull/13950,util/reggen/reg_top.sv.tpl,19,0
12284,13950,https://github.com/lowRISC/opentitan/pull/13950,util/reggen/register.py,27,1
12268,12266,https://github.com/lowRISC/opentitan/pull/12266,hw/ip/sysrst_ctrl/rtl/sysrst_ctrl_comboact.sv,0,1
12268,12266,https://github.com/lowRISC/opentitan/pull/12266,hw/top_earlgrey/data/chip_testplan.hjson,2,0
12164,12264,https://github.com/lowRISC/opentitan/pull/12264,hw/ip/pwrmgr/rtl/pwrmgr_slow_fsm.sv,7,3
12122,12234,https://github.com/lowRISC/opentitan/pull/12234,hw/ip/spi_device/rtl/spi_readcmd.sv,2,2
12021,12026,https://github.com/lowRISC/opentitan/pull/12026,hw/ip_templates/alert_handler/rtl/alert_handler_reg_wrap.sv,1,1
12021,12026,https://github.com/lowRISC/opentitan/pull/12026,hw/top_earlgrey/ip_autogen/alert_handler/rtl/alert_handler_reg_wrap.sv,1,1
11883,11890,https://github.com/lowRISC/opentitan/pull/11890,hw/ip/flash_ctrl/data/flash_ctrl.sv.tpl,20,15
11883,11890,https://github.com/lowRISC/opentitan/pull/11890,hw/ip/flash_ctrl/data/flash_ctrl_pkg.sv.tpl,1,0
11883,11890,https://github.com/lowRISC/opentitan/pull/11890,hw/ip/flash_ctrl/rtl/flash_ctrl.sv,20,15
11883,11890,https://github.com/lowRISC/opentitan/pull/11890,hw/ip/flash_ctrl/rtl/flash_ctrl_pkg.sv,1,0
11883,11890,https://github.com/lowRISC/opentitan/pull/11890,hw/ip/tlul/rtl/tlul_adapter_sram.sv,4,2
11883,11890,https://github.com/lowRISC/opentitan/pull/11890,hw/top_earlgrey/ip/flash_ctrl/rtl/autogen/flash_ctrl.sv,20,15
11883,11890,https://github.com/lowRISC/opentitan/pull/11890,hw/top_earlgrey/ip/flash_ctrl/rtl/autogen/flash_ctrl_pkg.sv,1,0
11768,11950,https://github.com/lowRISC/opentitan/pull/11950,hw/ip/otbn/dv/uvm/env/otbn_scoreboard.sv,5,3
11768,11950,https://github.com/lowRISC/opentitan/pull/11950,hw/ip/otbn/rtl/otbn.sv,41,18
11768,11950,https://github.com/lowRISC/opentitan/pull/11950,hw/ip/otbn/rtl/otbn_pkg.sv,8,0
11670,11717,https://github.com/lowRISC/opentitan/pull/11717,hw/ip/spi_host/rtl/spi_host_fsm.sv,27,11
11565,11575,https://github.com/lowRISC/opentitan/pull/11575,hw/ip/sysrst_ctrl/rtl/sysrst_ctrl.sv,12,10
11565,11575,https://github.com/lowRISC/opentitan/pull/11575,hw/ip/sysrst_ctrl/rtl/sysrst_ctrl_keyintr.sv,2,2
11431,11667,https://github.com/lowRISC/opentitan/pull/11667,hw/ip/aes/rtl/aes_control_fsm.sv,7,2
11447,15805,https://github.com/lowRISC/opentitan/pull/15805,hw/vendor/lowrisc_ibex.lock.hjson,1,1
11447,15805,https://github.com/lowRISC/opentitan/pull/15805,hw/vendor/lowrisc_ibex/doc/01_overview/compliance.rst,2,2
11447,15805,https://github.com/lowRISC/opentitan/pull/15805,hw/vendor/lowrisc_ibex/doc/02_user/integration.rst,6,3
11447,15805,https://github.com/lowRISC/opentitan/pull/15805,hw/vendor/lowrisc_ibex/doc/03_reference/coverage_plan.rst,3,3
11447,15805,https://github.com/lowRISC/opentitan/pull/15805,hw/vendor/lowrisc_ibex/doc/03_reference/cs_registers.rst,12,3
11447,15805,https://github.com/lowRISC/opentitan/pull/15805,hw/vendor/lowrisc_ibex/doc/03_reference/icache.rst,20,0
11447,15805,https://github.com/lowRISC/opentitan/pull/15805,hw/vendor/lowrisc_ibex/doc/03_reference/load_store_unit.rst,3,0
11447,15805,https://github.com/lowRISC/opentitan/pull/15805,hw/vendor/lowrisc_ibex/doc/requirements.txt,1,0
11447,15805,https://github.com/lowRISC/opentitan/pull/15805,hw/vendor/lowrisc_ibex/dv/cosim/cosim.h,4,1
11447,15805,https://github.com/lowRISC/opentitan/pull/15805,hw/vendor/lowrisc_ibex/dv/cosim/cosim_dpi.cc,7,1
11447,15805,https://github.com/lowRISC/opentitan/pull/15805,hw/vendor/lowrisc_ibex/dv/cosim/cosim_dpi.h,2,1
11447,15805,https://github.com/lowRISC/opentitan/pull/15805,hw/vendor/lowrisc_ibex/dv/cosim/cosim_dpi.svh,2,1
11447,15805,https://github.com/lowRISC/opentitan/pull/15805,hw/vendor/lowrisc_ibex/dv/cosim/spike_cosim.cc,114,15
11447,15805,https://github.com/lowRISC/opentitan/pull/15805,hw/vendor/lowrisc_ibex/dv/cosim/spike_cosim.h,19,8
11447,15805,https://github.com/lowRISC/opentitan/pull/15805,hw/vendor/lowrisc_ibex/dv/riscv_compliance/rtl/ibex_riscv_compliance.sv,48,48
11447,15805,https://github.com/lowRISC/opentitan/pull/15805,hw/vendor/lowrisc_ibex/dv/uvm/core_ibex/Makefile,22,10
11447,15805,https://github.com/lowRISC/opentitan/pull/15805,hw/vendor/lowrisc_ibex/dv/uvm/core_ibex/common/date.c,6,0
11447,15805,https://github.com/lowRISC/opentitan/pull/15805,hw/vendor/lowrisc_ibex/dv/uvm/core_ibex/common/date_dpi.svh,10,0
11447,15805,https://github.com/lowRISC/opentitan/pull/15805,hw/vendor/lowrisc_ibex/dv/uvm/core_ibex/common/ibex_cosim_agent/ibex_cosim_agent.sv,7,0
11447,15805,https://github.com/lowRISC/opentitan/pull/15805,hw/vendor/lowrisc_ibex/dv/uvm/core_ibex/common/ibex_cosim_agent/ibex_cosim_agent_pkg.sv,1,1
11447,15805,https://github.com/lowRISC/opentitan/pull/15805,hw/vendor/lowrisc_ibex/dv/uvm/core_ibex/common/ibex_cosim_agent/ibex_cosim_cfg.sv,6,0
11447,15805,https://github.com/lowRISC/opentitan/pull/15805,hw/vendor/lowrisc_ibex/dv/uvm/core_ibex/common/ibex_cosim_agent/ibex_cosim_scoreboard.sv,3,1
11447,15805,https://github.com/lowRISC/opentitan/pull/15805,hw/vendor/lowrisc_ibex/dv/uvm/core_ibex/common/ibex_cosim_agent/ibex_rvfi_monitor.sv,11,10
11447,15805,https://github.com/lowRISC/opentitan/pull/15805,hw/vendor/lowrisc_ibex/dv/uvm/core_ibex/common/ibex_cosim_agent/ibex_rvfi_seq_item.sv,2,0
11447,15805,https://github.com/lowRISC/opentitan/pull/15805,hw/vendor/lowrisc_ibex/dv/uvm/core_ibex/common/ibex_cosim_agent/spike_cosim_dpi.cc,7,4
11447,15805,https://github.com/lowRISC/opentitan/pull/15805,hw/vendor/lowrisc_ibex/dv/uvm/core_ibex/common/ibex_cosim_agent/spike_cosim_dpi.svh,4,1
11447,15805,https://github.com/lowRISC/opentitan/pull/15805,hw/vendor/lowrisc_ibex/dv/uvm/core_ibex/common/ibex_mem_intf_agent/ibex_mem_intf_agent_pkg.sv,2,7
11447,15805,https://github.com/lowRISC/opentitan/pull/15805,hw/vendor/lowrisc_ibex/dv/uvm/core_ibex/common/ibex_mem_intf_agent/ibex_mem_intf_pkg.sv,18,0
11447,15805,https://github.com/lowRISC/opentitan/pull/15805,hw/vendor/lowrisc_ibex/dv/uvm/core_ibex/common/ibex_mem_intf_agent/ibex_mem_intf_response_agent.sv,8,0
11447,15805,https://github.com/lowRISC/opentitan/pull/15805,hw/vendor/lowrisc_ibex/dv/uvm/core_ibex/common/ibex_mem_intf_agent/ibex_mem_intf_response_agent_cfg.sv,18,7
11447,15805,https://github.com/lowRISC/opentitan/pull/15805,hw/vendor/lowrisc_ibex/dv/uvm/core_ibex/common/ibex_mem_intf_agent/ibex_mem_intf_response_driver.sv,19,4
11447,15805,https://github.com/lowRISC/opentitan/pull/15805,hw/vendor/lowrisc_ibex/dv/uvm/core_ibex/common/ibex_mem_intf_agent/ibex_mem_intf_response_seq_lib.sv,72,41
11447,15805,https://github.com/lowRISC/opentitan/pull/15805,hw/vendor/lowrisc_ibex/dv/uvm/core_ibex/env/core_ibex_dut_probe_if.sv,5,1
11447,15805,https://github.com/lowRISC/opentitan/pull/15805,hw/vendor/lowrisc_ibex/dv/uvm/core_ibex/env/core_ibex_env.sv,15,0
11447,15805,https://github.com/lowRISC/opentitan/pull/15805,hw/vendor/lowrisc_ibex/dv/uvm/core_ibex/env/core_ibex_env_cfg.sv,18,0
11447,15805,https://github.com/lowRISC/opentitan/pull/15805,hw/vendor/lowrisc_ibex/dv/uvm/core_ibex/env/core_ibex_env_pkg.sv,1,0
11447,15805,https://github.com/lowRISC/opentitan/pull/15805,hw/vendor/lowrisc_ibex/dv/uvm/core_ibex/env/core_ibex_rvfi_if.sv,3,0
11447,15805,https://github.com/lowRISC/opentitan/pull/15805,hw/vendor/lowrisc_ibex/dv/uvm/core_ibex/env/core_ibex_scoreboard.sv,111,0
11447,15805,https://github.com/lowRISC/opentitan/pull/15805,hw/vendor/lowrisc_ibex/dv/uvm/core_ibex/fcov/core_ibex_fcov_if.sv,16,6
11447,15805,https://github.com/lowRISC/opentitan/pull/15805,hw/vendor/lowrisc_ibex/dv/uvm/core_ibex/fcov/core_ibex_pmp_fcov_if.sv,31,5
11447,15805,https://github.com/lowRISC/opentitan/pull/15805,hw/vendor/lowrisc_ibex/dv/uvm/core_ibex/ibex_dv.f,4,1
11447,15805,https://github.com/lowRISC/opentitan/pull/15805,hw/vendor/lowrisc_ibex/dv/uvm/core_ibex/riscv_dv_extension/csr_description.yaml,53,49
11447,15805,https://github.com/lowRISC/opentitan/pull/15805,hw/vendor/lowrisc_ibex/dv/uvm/core_ibex/riscv_dv_extension/ibex_asm_program_gen.sv,44,0
11447,15805,https://github.com/lowRISC/opentitan/pull/15805,hw/vendor/lowrisc_ibex/dv/uvm/core_ibex/riscv_dv_extension/ibex_log_to_trace_csv.py,11,1
11447,15805,https://github.com/lowRISC/opentitan/pull/15805,hw/vendor/lowrisc_ibex/dv/uvm/core_ibex/riscv_dv_extension/riscv_core_setting.nopmp.sv.patch,0,15
11447,15805,https://github.com/lowRISC/opentitan/pull/15805,hw/vendor/lowrisc_ibex/dv/uvm/core_ibex/riscv_dv_extension/riscv_core_setting.tpl.sv,46,34
11447,15805,https://github.com/lowRISC/opentitan/pull/15805,hw/vendor/lowrisc_ibex/dv/uvm/core_ibex/riscv_dv_extension/testlist.yaml,47,23
11447,15805,https://github.com/lowRISC/opentitan/pull/15805,hw/vendor/lowrisc_ibex/dv/uvm/core_ibex/scripts/check_logs.py,18,3
11447,15805,https://github.com/lowRISC/opentitan/pull/15805,hw/vendor/lowrisc_ibex/dv/uvm/core_ibex/scripts/collect_results.py,4,2
11447,15805,https://github.com/lowRISC/opentitan/pull/15805,hw/vendor/lowrisc_ibex/dv/uvm/core_ibex/scripts/metadata.py,1,0
11447,15805,https://github.com/lowRISC/opentitan/pull/15805,hw/vendor/lowrisc_ibex/dv/uvm/core_ibex/scripts/objdump.sh,6,1
11447,15805,https://github.com/lowRISC/opentitan/pull/15805,hw/vendor/lowrisc_ibex/dv/uvm/core_ibex/scripts/prettify.sh,3,2
11447,15805,https://github.com/lowRISC/opentitan/pull/15805,hw/vendor/lowrisc_ibex/dv/uvm/core_ibex/scripts/render_config_template.py,35,0
11447,15805,https://github.com/lowRISC/opentitan/pull/15805,hw/vendor/lowrisc_ibex/dv/uvm/core_ibex/scripts/run_rtl.py,21,6
11447,15805,https://github.com/lowRISC/opentitan/pull/15805,hw/vendor/lowrisc_ibex/dv/uvm/core_ibex/scripts/scripts_lib.py,10,7
11447,15805,https://github.com/lowRISC/opentitan/pull/15805,hw/vendor/lowrisc_ibex/dv/uvm/core_ibex/scripts/test_run_result.py,15,0
11447,15805,https://github.com/lowRISC/opentitan/pull/15805,hw/vendor/lowrisc_ibex/dv/uvm/core_ibex/tb/core_ibex_tb_top.sv,33,27
11447,15805,https://github.com/lowRISC/opentitan/pull/15805,hw/vendor/lowrisc_ibex/dv/uvm/core_ibex/tests/core_ibex_base_test.sv,76,16
11447,15805,https://github.com/lowRISC/opentitan/pull/15805,hw/vendor/lowrisc_ibex/dv/uvm/core_ibex/tests/core_ibex_new_seq_lib.sv,25,17
11447,15805,https://github.com/lowRISC/opentitan/pull/15805,hw/vendor/lowrisc_ibex/dv/uvm/core_ibex/tests/core_ibex_seq_lib.sv,4,0
11447,15805,https://github.com/lowRISC/opentitan/pull/15805,hw/vendor/lowrisc_ibex/dv/uvm/core_ibex/tests/core_ibex_test_lib.sv,62,154
11447,15805,https://github.com/lowRISC/opentitan/pull/15805,hw/vendor/lowrisc_ibex/dv/uvm/core_ibex/tests/core_ibex_test_pkg.sv,1,0
11447,15805,https://github.com/lowRISC/opentitan/pull/15805,hw/vendor/lowrisc_ibex/dv/uvm/core_ibex/tests/core_ibex_vseq.sv,28,2
11447,15805,https://github.com/lowRISC/opentitan/pull/15805,hw/vendor/lowrisc_ibex/dv/uvm/core_ibex/yaml/rtl_simulation.yaml,3,3
11447,15805,https://github.com/lowRISC/opentitan/pull/15805,hw/vendor/lowrisc_ibex/dv/verilator/simple_system_cosim/ibex_simple_system_cosim_checker.sv,16,1
11447,15805,https://github.com/lowRISC/opentitan/pull/15805,hw/vendor/lowrisc_ibex/dv/verilator/simple_system_cosim/ibex_simple_system_cosim_checker_bind.sv,8,2
11447,15805,https://github.com/lowRISC/opentitan/pull/15805,hw/vendor/lowrisc_ibex/dv/verilator/simple_system_cosim/simple_system_cosim.cc,25,10
11447,15805,https://github.com/lowRISC/opentitan/pull/15805,hw/vendor/lowrisc_ibex/dv/verilator/simple_system_cosim/util/ibex_cosim_setup_check.sh,1,1
11447,15805,https://github.com/lowRISC/opentitan/pull/15805,hw/vendor/lowrisc_ibex/rtl/ibex_controller.sv,76,65
11447,15805,https://github.com/lowRISC/opentitan/pull/15805,hw/vendor/lowrisc_ibex/rtl/ibex_core.sv,170,106
11447,15805,https://github.com/lowRISC/opentitan/pull/15805,hw/vendor/lowrisc_ibex/rtl/ibex_cs_registers.sv,103,57
11447,15805,https://github.com/lowRISC/opentitan/pull/15805,hw/vendor/lowrisc_ibex/rtl/ibex_id_stage.sv,25,17
11447,15805,https://github.com/lowRISC/opentitan/pull/15805,hw/vendor/lowrisc_ibex/rtl/ibex_if_stage.sv,2,2
11447,15805,https://github.com/lowRISC/opentitan/pull/15805,hw/vendor/lowrisc_ibex/rtl/ibex_load_store_unit.sv,4,2
11447,15805,https://github.com/lowRISC/opentitan/pull/15805,hw/vendor/lowrisc_ibex/rtl/ibex_lockstep.sv,34,33
11447,15805,https://github.com/lowRISC/opentitan/pull/15805,hw/vendor/lowrisc_ibex/rtl/ibex_pkg.sv,26,14
11447,15805,https://github.com/lowRISC/opentitan/pull/15805,hw/vendor/lowrisc_ibex/rtl/ibex_register_file_ff.sv,8,7
11447,15805,https://github.com/lowRISC/opentitan/pull/15805,hw/vendor/lowrisc_ibex/rtl/ibex_top.sv,52,20
11447,15805,https://github.com/lowRISC/opentitan/pull/15805,hw/vendor/lowrisc_ibex/rtl/ibex_top_tracing.sv,5,1
11447,15805,https://github.com/lowRISC/opentitan/pull/15805,hw/vendor/lowrisc_ibex/syn/lec_sv2v.sh,11,10
11447,15805,https://github.com/lowRISC/opentitan/pull/15805,hw/vendor/lowrisc_ibex/syn/syn_setup.example.sh,2,1
11447,15805,https://github.com/lowRISC/opentitan/pull/15805,hw/vendor/lowrisc_ibex/syn/syn_yosys.sh,14,12
11447,15805,https://github.com/lowRISC/opentitan/pull/15805,hw/vendor/lowrisc_ibex/syn/translate_timing_rpts.sh,3,3
11447,15805,https://github.com/lowRISC/opentitan/pull/15805,hw/vendor/lowrisc_ibex/vendor/google_riscv-dv/src/isa/riscv_csr_instr.sv,8,5
11447,15805,https://github.com/lowRISC/opentitan/pull/15805,hw/vendor/lowrisc_ibex/vendor/google_riscv-dv/src/isa/riscv_instr.sv,3,0
11447,15805,https://github.com/lowRISC/opentitan/pull/15805,hw/vendor/lowrisc_ibex/vendor/google_riscv-dv/src/riscv_asm_program_gen.sv,16,6
11447,15805,https://github.com/lowRISC/opentitan/pull/15805,hw/vendor/lowrisc_ibex/vendor/google_riscv-dv/src/riscv_instr_gen_config.sv,10,3
11447,15805,https://github.com/lowRISC/opentitan/pull/15805,hw/vendor/lowrisc_ibex/vendor/google_riscv-dv/src/riscv_instr_pkg.sv,5,1
11447,15805,https://github.com/lowRISC/opentitan/pull/15805,hw/vendor/lowrisc_ibex/vendor/google_riscv-dv/src/riscv_pmp_cfg.sv,216,114
11457,11551,https://github.com/lowRISC/opentitan/pull/11551,hw/ip/rstmgr/data/rstmgr.hjson.tpl,5,4
11457,11551,https://github.com/lowRISC/opentitan/pull/11551,hw/ip/rstmgr/data/rstmgr.sv.tpl,1,24
11457,11551,https://github.com/lowRISC/opentitan/pull/11551,hw/ip/rstmgr/dv/env/rstmgr_scoreboard.sv,15,13
11457,11551,https://github.com/lowRISC/opentitan/pull/11551,hw/ip/rstmgr/dv/env/seq_lib/rstmgr_base_vseq.sv,47,4
11457,11551,https://github.com/lowRISC/opentitan/pull/11551,hw/ip/rstmgr/dv/env/seq_lib/rstmgr_smoke_vseq.sv,11,10
11457,11551,https://github.com/lowRISC/opentitan/pull/11551,hw/ip/rstmgr/dv/env/seq_lib/rstmgr_sw_rst_vseq.sv,7,6
11457,11551,https://github.com/lowRISC/opentitan/pull/11551,hw/ip/rstmgr/dv/sva/rstmgr_bind.sv,1,1
11457,11551,https://github.com/lowRISC/opentitan/pull/11551,hw/top_earlgrey/ip/rstmgr/data/autogen/rstmgr.hjson,5,4
11457,11551,https://github.com/lowRISC/opentitan/pull/11551,hw/top_earlgrey/ip/rstmgr/rtl/autogen/rstmgr.sv,8,31
11457,11551,https://github.com/lowRISC/opentitan/pull/11551,hw/top_earlgrey/ip/rstmgr/rtl/autogen/rstmgr_reg_pkg.sv,77,55
11457,11551,https://github.com/lowRISC/opentitan/pull/11551,hw/top_earlgrey/ip/rstmgr/rtl/autogen/rstmgr_reg_top.sv,425,226
11457,11551,https://github.com/lowRISC/opentitan/pull/11551,sw/device/lib/dif/dif_rstmgr.c,13,22
11457,11551,https://github.com/lowRISC/opentitan/pull/11551,sw/device/lib/dif/dif_rstmgr_unittest.cc,49,82
11293,11514,https://github.com/lowRISC/opentitan/pull/11514,hw/ip/spi_device/rtl/spi_readcmd.sv,7,1
11256,11267,https://github.com/lowRISC/opentitan/pull/11267,hw/ip/adc_ctrl/data/adc_ctrl.hjson,1,1
11256,11267,https://github.com/lowRISC/opentitan/pull/11267,hw/ip/adc_ctrl/rtl/adc_ctrl_fsm.sv,18,21
11266,11274,https://github.com/lowRISC/opentitan/pull/11274,hw/ip/otp_ctrl/rtl/otp_ctrl.sv,11,5
11266,11274,https://github.com/lowRISC/opentitan/pull/11274,hw/ip/otp_ctrl/rtl/otp_ctrl_dai.sv,10,0
11266,11274,https://github.com/lowRISC/opentitan/pull/11274,hw/ip/otp_ctrl/rtl/otp_ctrl_kdi.sv,1,0
11266,11274,https://github.com/lowRISC/opentitan/pull/11274,hw/ip/otp_ctrl/rtl/otp_ctrl_lci.sv,10,0
11266,11274,https://github.com/lowRISC/opentitan/pull/11274,hw/ip/otp_ctrl/rtl/otp_ctrl_lfsr_timer.sv,1,0
11266,11274,https://github.com/lowRISC/opentitan/pull/11274,hw/ip/otp_ctrl/rtl/otp_ctrl_part_buf.sv,10,0
11266,11274,https://github.com/lowRISC/opentitan/pull/11274,hw/ip/otp_ctrl/rtl/otp_ctrl_part_unbuf.sv,10,0
11266,11274,https://github.com/lowRISC/opentitan/pull/11274,hw/ip/otp_ctrl/rtl/otp_ctrl_scrmbl.sv,1,0
11235,11238,https://github.com/lowRISC/opentitan/pull/11238,hw/ip/flash_ctrl/rtl/flash_ctrl_lcmgr.sv,11,10
11166,11254,https://github.com/lowRISC/opentitan/pull/11254,hw/ip/aes/data/aes.hjson,1,1
11166,11254,https://github.com/lowRISC/opentitan/pull/11254,hw/ip/aes/rtl/aes_control_fsm.sv,4,0
11142,11151,https://github.com/lowRISC/opentitan/pull/11151,hw/ip/flash_ctrl/data/flash_ctrl.sv.tpl,1,3
11142,11151,https://github.com/lowRISC/opentitan/pull/11151,hw/ip/flash_ctrl/rtl/flash_ctrl.sv,1,3
11142,11151,https://github.com/lowRISC/opentitan/pull/11151,hw/ip/flash_ctrl/rtl/flash_phy.sv,0,2
11142,11151,https://github.com/lowRISC/opentitan/pull/11151,hw/ip/flash_ctrl/rtl/flash_phy_core.sv,4,7
11142,11151,https://github.com/lowRISC/opentitan/pull/11151,hw/ip/flash_ctrl/rtl/flash_phy_erase.sv,19,2
11142,11151,https://github.com/lowRISC/opentitan/pull/11151,hw/ip/flash_ctrl/rtl/flash_phy_pkg.sv,0,1
11142,11151,https://github.com/lowRISC/opentitan/pull/11151,hw/ip/flash_ctrl/rtl/flash_phy_rd.sv,1,2
11142,11151,https://github.com/lowRISC/opentitan/pull/11151,hw/ip/prim_generic/rtl/prim_generic_flash_bank.sv,21,12
11142,11151,https://github.com/lowRISC/opentitan/pull/11151,hw/top_earlgrey/ip/flash_ctrl/rtl/autogen/flash_ctrl.sv,1,3
11091,11404,https://github.com/lowRISC/opentitan/pull/11404,hw/ip/otbn/rtl/otbn_core.sv,4,2
11095,11325,https://github.com/lowRISC/opentitan/pull/11325,hw/ip/rv_dm/dv/env/rv_dm_env_cfg.sv,2,2
11095,11325,https://github.com/lowRISC/opentitan/pull/11325,hw/vendor/patches/pulp_riscv_dbg/0001-dm_csrs-Correct-reset-value-of-sbcs-register.patch,29,0
11095,11325,https://github.com/lowRISC/opentitan/pull/11325,hw/vendor/patches/pulp_riscv_dbg/0002-Use-lowrisc-instead-of-PULP-primitives.patch,4,4
11095,11325,https://github.com/lowRISC/opentitan/pull/11325,hw/vendor/pulp_riscv_dbg.lock.hjson,1,1
11095,11325,https://github.com/lowRISC/opentitan/pull/11325,hw/vendor/pulp_riscv_dbg/CHANGELOG.md,8,0
11095,11325,https://github.com/lowRISC/opentitan/pull/11325,hw/vendor/pulp_riscv_dbg/doc/debug-system.md,14,12
11095,11325,https://github.com/lowRISC/opentitan/pull/11325,hw/vendor/pulp_riscv_dbg/src/dm_csrs.sv,7,8
11095,11325,https://github.com/lowRISC/opentitan/pull/11325,hw/vendor/pulp_riscv_dbg/src/dm_sba.sv,12,4
11035,11042,https://github.com/lowRISC/opentitan/pull/11042,hw/ip/tlul/rtl/tlul_err_resp.sv,20,11
10933,15240,https://github.com/lowRISC/opentitan/pull/15240,hw/ip/kmac/doc/_index.md,1,0
10933,15240,https://github.com/lowRISC/opentitan/pull/15240,hw/ip/kmac/rtl/kmac.sv,7,1
10933,15240,https://github.com/lowRISC/opentitan/pull/15240,hw/ip/kmac/rtl/kmac_errchk.sv,64,2
10933,15240,https://github.com/lowRISC/opentitan/pull/15240,hw/ip/kmac/rtl/kmac_pkg.sv,4,0
10879,10948,https://github.com/lowRISC/opentitan/pull/10948,hw/ip/usbdev/rtl/usbdev_aon_wake.sv,4,4
10901,11158,https://github.com/lowRISC/opentitan/pull/11158,hw/ip/usb_fs_nb_pe/rtl/usb_fs_nb_pe.sv,7,2
10901,11158,https://github.com/lowRISC/opentitan/pull/11158,hw/ip/usb_fs_nb_pe/rtl/usb_fs_rx.sv,21,5
10901,11158,https://github.com/lowRISC/opentitan/pull/11158,hw/ip/usbdev/data/usbdev.hjson,7,0
10901,11158,https://github.com/lowRISC/opentitan/pull/11158,hw/ip/usbdev/rtl/usbdev.sv,67,4
10901,11158,https://github.com/lowRISC/opentitan/pull/11158,hw/ip/usbdev/rtl/usbdev_linkstate.sv,2,2
10901,11158,https://github.com/lowRISC/opentitan/pull/11158,hw/ip/usbdev/rtl/usbdev_usbif.sv,10,22
10901,11158,https://github.com/lowRISC/opentitan/pull/11158,hw/top_earlgrey/data/autogen/top_earlgrey.gen.hjson,16,2
10901,11158,https://github.com/lowRISC/opentitan/pull/11158,hw/top_earlgrey/data/top_earlgrey.hjson,3,0
10901,11158,https://github.com/lowRISC/opentitan/pull/11158,hw/top_earlgrey/rtl/autogen/chip_earlgrey_cw310.sv,1,0
10901,11158,https://github.com/lowRISC/opentitan/pull/11158,hw/top_earlgrey/rtl/autogen/top_earlgrey.sv,3,1
10901,11158,https://github.com/lowRISC/opentitan/pull/11158,util/topgen/templates/chiplevel.sv.tpl,1,0
10843,10946,https://github.com/lowRISC/opentitan/pull/10946,hw/ip/adc_ctrl/rtl/adc_ctrl_core.sv,3,1
10843,10946,https://github.com/lowRISC/opentitan/pull/10946,hw/ip/adc_ctrl/rtl/adc_ctrl_fsm.sv,11,2
10843,10946,https://github.com/lowRISC/opentitan/pull/10946,hw/ip/adc_ctrl/rtl/adc_ctrl_intr.sv,23,38
10818,10820,https://github.com/lowRISC/opentitan/pull/10820,hw/ip/tlul/rtl/tlul_adapter_sram.sv,3,3
10748,10759,https://github.com/lowRISC/opentitan/pull/10759,hw/ip/flash_ctrl/rtl/flash_mp.sv,2,1
10748,10759,https://github.com/lowRISC/opentitan/pull/10759,hw/ip/prim_generic/rtl/prim_generic_flash.sv,1,4
10765,11101,https://github.com/lowRISC/opentitan/pull/11101,hw/ip/rv_dm/rtl/rv_dm.sv,7,6
10678,10833,https://github.com/lowRISC/opentitan/pull/10833,hw/ip/usbdev/rtl/usbdev.sv,3,2
10678,10833,https://github.com/lowRISC/opentitan/pull/10833,hw/ip/usbdev/rtl/usbdev_linkstate.sv,29,11
10678,10833,https://github.com/lowRISC/opentitan/pull/10833,hw/ip/usbdev/rtl/usbdev_usbif.sv,26,12
10682,10732,https://github.com/lowRISC/opentitan/pull/10732,hw/ip/rstmgr/data/rstmgr.sv.tpl,7,9
10682,10732,https://github.com/lowRISC/opentitan/pull/10732,hw/ip/rstmgr/dv/sva/rstmgr_cascading_sva_if.sv,5,5
10682,10732,https://github.com/lowRISC/opentitan/pull/10732,hw/ip/rstmgr/lint/rstmgr.waiver,10,0
10682,10732,https://github.com/lowRISC/opentitan/pull/10732,hw/ip/rstmgr/rtl/rstmgr_ctrl.sv,12,20
10682,10732,https://github.com/lowRISC/opentitan/pull/10732,hw/top_earlgrey/data/top_earlgrey.hjson,1,1
10682,10732,https://github.com/lowRISC/opentitan/pull/10732,hw/top_earlgrey/ip/rstmgr/lint/rstmgr.waiver,8,0
10682,10732,https://github.com/lowRISC/opentitan/pull/10732,hw/top_earlgrey/ip/rstmgr/rtl/autogen/rstmgr.sv,7,9
10516,10517,https://github.com/lowRISC/opentitan/pull/10517,hw/ip/kmac/rtl/kmac.sv,5,7
10518,10578,https://github.com/lowRISC/opentitan/pull/10578,hw/ip/aes/data/aes.hjson,1,0
10518,10578,https://github.com/lowRISC/opentitan/pull/10578,hw/ip/aes/lint/aes.vlt,4,0
10518,10578,https://github.com/lowRISC/opentitan/pull/10578,hw/ip/aes/rtl/aes.sv,1,1
10518,10578,https://github.com/lowRISC/opentitan/pull/10578,hw/ip/aes/rtl/aes_control.sv,3,0
10518,10578,https://github.com/lowRISC/opentitan/pull/10578,hw/ip/aes/rtl/aes_control_fsm.sv,20,10
10518,10578,https://github.com/lowRISC/opentitan/pull/10578,hw/ip/aes/rtl/aes_control_fsm_n.sv,6,0
10518,10578,https://github.com/lowRISC/opentitan/pull/10578,hw/ip/aes/rtl/aes_control_fsm_p.sv,6,0
10518,10578,https://github.com/lowRISC/opentitan/pull/10578,hw/ip/aes/rtl/aes_core.sv,3,0
10518,10578,https://github.com/lowRISC/opentitan/pull/10578,hw/ip/aes/rtl/aes_ctrl_reg_shadowed.sv,20,1
10518,10578,https://github.com/lowRISC/opentitan/pull/10578,hw/ip/aes/rtl/aes_reg_pkg.sv,13,10
10518,10578,https://github.com/lowRISC/opentitan/pull/10578,hw/ip/aes/rtl/aes_reg_top.sv,4,1
10518,10578,https://github.com/lowRISC/opentitan/pull/10578,hw/ip/flash_ctrl/rtl/flash_ctrl_core_reg_top.sv,786,0
10518,10578,https://github.com/lowRISC/opentitan/pull/10578,hw/ip/keymgr/rtl/keymgr_reg_top.sv,21,0
10518,10578,https://github.com/lowRISC/opentitan/pull/10578,hw/ip/kmac/rtl/kmac_reg_top.sv,30,0
10518,10578,https://github.com/lowRISC/opentitan/pull/10578,hw/ip/prim/rtl/prim_subreg_shadow.sv,6,0
10518,10578,https://github.com/lowRISC/opentitan/pull/10578,hw/top_earlgrey/ip/flash_ctrl/rtl/autogen/flash_ctrl_core_reg_top.sv,786,0
10518,10578,https://github.com/lowRISC/opentitan/pull/10578,hw/top_earlgrey/ip_autogen/alert_handler/rtl/alert_handler_reg_top.sv,618,0
10518,10578,https://github.com/lowRISC/opentitan/pull/10578,util/reggen/reg_top.sv.tpl,3,0
10252,10267,https://github.com/lowRISC/opentitan/pull/10267,hw/ip/adc_ctrl/rtl/adc_ctrl_core.sv,1,2
10252,10267,https://github.com/lowRISC/opentitan/pull/10267,hw/ip/adc_ctrl/rtl/adc_ctrl_fsm.sv,23,8
10188,10208,https://github.com/lowRISC/opentitan/pull/10208,hw/ip/flash_ctrl/rtl/flash_ctrl_lcmgr.sv,22,6
10138,10636,https://github.com/lowRISC/opentitan/pull/10636,hw/formal/tools/jaspergold/fpv.tcl,7,0
10138,10636,https://github.com/lowRISC/opentitan/pull/10636,hw/ip/sysrst_ctrl/rtl/sysrst_ctrl.sv,4,4
10138,10636,https://github.com/lowRISC/opentitan/pull/10636,hw/ip/sysrst_ctrl/rtl/sysrst_ctrl_autoblock.sv,18,15
10138,10636,https://github.com/lowRISC/opentitan/pull/10636,hw/ip/sysrst_ctrl/rtl/sysrst_ctrl_combo.sv,13,28
10138,10636,https://github.com/lowRISC/opentitan/pull/10636,hw/ip/sysrst_ctrl/rtl/sysrst_ctrl_detect.sv,295,68
10138,10636,https://github.com/lowRISC/opentitan/pull/10636,hw/ip/sysrst_ctrl/rtl/sysrst_ctrl_keyintr.sv,34,12
10138,10636,https://github.com/lowRISC/opentitan/pull/10636,hw/ip/sysrst_ctrl/rtl/sysrst_ctrl_pkg.sv,15,0
10138,10636,https://github.com/lowRISC/opentitan/pull/10636,hw/ip/sysrst_ctrl/rtl/sysrst_ctrl_ulp.sv,41,37
10138,10636,https://github.com/lowRISC/opentitan/pull/10636,hw/ip/sysrst_ctrl/sysrst_ctrl.core,5,0
10138,10636,https://github.com/lowRISC/opentitan/pull/10636,hw/top_earlgrey/formal/top_earlgrey_fpv_cfgs.hjson,7,0
10153,10161,https://github.com/lowRISC/opentitan/pull/10161,hw/top_earlgrey/data/autogen/top_earlgrey.gen.hjson,7,5
10153,10161,https://github.com/lowRISC/opentitan/pull/10161,hw/top_earlgrey/data/xbar_main.hjson,4,4
10153,10161,https://github.com/lowRISC/opentitan/pull/10161,hw/top_earlgrey/dv/autogen/xbar_env_pkg__params.sv,7,5
10153,10161,https://github.com/lowRISC/opentitan/pull/10161,hw/top_earlgrey/ip/xbar_main/data/autogen/xbar_main.gen.hjson,7,5
10153,10161,https://github.com/lowRISC/opentitan/pull/10161,hw/top_earlgrey/ip/xbar_main/dv/autogen/xbar_env_pkg__params.sv,7,5
10153,10161,https://github.com/lowRISC/opentitan/pull/10161,hw/top_earlgrey/ip/xbar_main/rtl/autogen/xbar_main.sv,310,240
9911,10012,https://github.com/lowRISC/opentitan/pull/10012,hw/ip/pinmux/rtl/pinmux_wkup.sv,1,1
9890,9892,https://github.com/lowRISC/opentitan/pull/9892,hw/ip/pinmux/data/pinmux.hjson.tpl,1,1
9890,9892,https://github.com/lowRISC/opentitan/pull/9892,hw/ip/pinmux/rtl/pinmux.sv,2,1
9890,9892,https://github.com/lowRISC/opentitan/pull/9892,hw/top_earlgrey/ip/pinmux/data/autogen/pinmux.hjson,1,1
9842,10001,https://github.com/lowRISC/opentitan/pull/10001,hw/ip/flash_ctrl/rtl/flash_phy_rd.sv,5,0
9842,10001,https://github.com/lowRISC/opentitan/pull/10001,hw/ip/flash_ctrl/rtl/flash_phy_scramble.sv,21,2
9536,9539,https://github.com/lowRISC/opentitan/pull/9539,hw/dv/sv/mem_bkdr_util/mem_bkdr_util__rom.sv,1,1
9536,9539,https://github.com/lowRISC/opentitan/pull/9539,hw/ip/rom_ctrl/data/rom_ctrl.hjson,1,0
9536,9539,https://github.com/lowRISC/opentitan/pull/9539,hw/ip/rom_ctrl/dv/env/seq_lib/rom_ctrl_base_vseq.sv,15,2
9536,9539,https://github.com/lowRISC/opentitan/pull/9539,hw/ip/rom_ctrl/rtl/rom_ctrl_rom_reg_top.sv,1,1
9536,9539,https://github.com/lowRISC/opentitan/pull/9539,hw/top_earlgrey/data/autogen/top_earlgrey.gen.hjson,1,0
9536,9539,https://github.com/lowRISC/opentitan/pull/9539,hw/top_earlgrey/data/top_earlgrey.hjson,6,5
9536,9539,https://github.com/lowRISC/opentitan/pull/9539,util/topgen/validate.py,4,0
9538,9462,https://github.com/lowRISC/opentitan/pull/9462,hw/ip/flash_ctrl/rtl/flash_ctrl_mem_reg_top.sv,3,19
9538,9462,https://github.com/lowRISC/opentitan/pull/9462,hw/ip/flash_ctrl/rtl/flash_ctrl_prim_reg_top.sv,3,19
9538,9462,https://github.com/lowRISC/opentitan/pull/9462,hw/ip/otp_ctrl/rtl/otp_ctrl_prim_reg_top.sv,3,19
9538,9462,https://github.com/lowRISC/opentitan/pull/9462,hw/ip/rom_ctrl/rtl/rom_ctrl_rom_reg_top.sv,3,19
9538,9462,https://github.com/lowRISC/opentitan/pull/9462,hw/ip/rv_dm/rtl/rv_dm_rom_reg_top.sv,3,19
9538,9462,https://github.com/lowRISC/opentitan/pull/9462,hw/ip/sram_ctrl/rtl/sram_ctrl_ram_reg_top.sv,3,19
9538,9462,https://github.com/lowRISC/opentitan/pull/9462,hw/top_earlgrey/ip/flash_ctrl/rtl/autogen/flash_ctrl_mem_reg_top.sv,3,19
9538,9462,https://github.com/lowRISC/opentitan/pull/9462,hw/top_earlgrey/ip/flash_ctrl/rtl/autogen/flash_ctrl_prim_reg_top.sv,3,19
9538,9462,https://github.com/lowRISC/opentitan/pull/9462,util/reggen/reg_top.sv.tpl,50,44
9528,11464,https://github.com/lowRISC/opentitan/pull/11464,hw/vendor/lowrisc_ibex.lock.hjson,1,1
9528,11464,https://github.com/lowRISC/opentitan/pull/11464,hw/vendor/lowrisc_ibex/README.md,11,0
9528,11464,https://github.com/lowRISC/opentitan/pull/11464,hw/vendor/lowrisc_ibex/examples/fpga/artya7/rtl/top_artya7.sv,2,1
9528,11464,https://github.com/lowRISC/opentitan/pull/11464,hw/vendor/lowrisc_ibex/examples/simple_system/rtl/ibex_simple_system.sv,23,2
9528,11464,https://github.com/lowRISC/opentitan/pull/11464,hw/vendor/lowrisc_ibex/rtl/ibex_core.sv,39,25
9528,11464,https://github.com/lowRISC/opentitan/pull/11464,hw/vendor/lowrisc_ibex/rtl/ibex_if_stage.sv,38,7
9528,11464,https://github.com/lowRISC/opentitan/pull/11464,hw/vendor/lowrisc_ibex/rtl/ibex_load_store_unit.sv,63,17
9528,11464,https://github.com/lowRISC/opentitan/pull/11464,hw/vendor/lowrisc_ibex/rtl/ibex_lockstep.sv,19,55
9528,11464,https://github.com/lowRISC/opentitan/pull/11464,hw/vendor/lowrisc_ibex/rtl/ibex_top.sv,59,41
9312,9343,https://github.com/lowRISC/opentitan/pull/9343,hw/ip/adc_ctrl/rtl/adc_ctrl_fsm.sv,57,44
9064,9213,https://github.com/lowRISC/opentitan/pull/9213,hw/ip/pwrmgr/data/pwrmgr.hjson.tpl,4,1
9064,9213,https://github.com/lowRISC/opentitan/pull/9213,hw/ip/pwrmgr/dv/sva/pwrmgr_clock_enables_sva_if.sv,1,1
9064,9213,https://github.com/lowRISC/opentitan/pull/9213,hw/ip/pwrmgr/rtl/pwrmgr_slow_fsm.sv,20,6
9064,9213,https://github.com/lowRISC/opentitan/pull/9213,hw/top_earlgrey/ip/pwrmgr/data/autogen/pwrmgr.hjson,4,1
8978,8986,https://github.com/lowRISC/opentitan/pull/8986,hw/ip/spi_device/rtl/spid_fifo2sram_adapter.sv,2,2
8978,8986,https://github.com/lowRISC/opentitan/pull/8986,hw/ip/spi_device/rtl/spid_upload.sv,2,1
8703,8784,https://github.com/lowRISC/opentitan/pull/8784,hw/ip/sram_ctrl/dv/env/seq_lib/sram_ctrl_smoke_vseq.sv,1,1
8703,8784,https://github.com/lowRISC/opentitan/pull/8784,hw/ip/tlul/rtl/tlul_adapter_sram.sv,22,16
8703,8784,https://github.com/lowRISC/opentitan/pull/8784,hw/ip/tlul/rtl/tlul_sram_byte.sv,53,10
8643,8670,https://github.com/lowRISC/opentitan/pull/8670,hw/ip/spi_host/rtl/spi_host_core.sv,24,21
8643,8670,https://github.com/lowRISC/opentitan/pull/8670,hw/ip/spi_host/rtl/spi_host_fsm.sv,4,2
8643,8670,https://github.com/lowRISC/opentitan/pull/8670,hw/ip/spi_host/rtl/spi_host_shift_register.sv,5,4
8645,8741,https://github.com/lowRISC/opentitan/pull/8741,hw/ip/otbn/lint/otbn.vlt,3,2
8645,8741,https://github.com/lowRISC/opentitan/pull/8741,hw/ip/otbn/rtl/otbn_controller.sv,12,1
8405,8414,https://github.com/lowRISC/opentitan/pull/8414,hw/ip/clkmgr/data/clkmgr.hjson.tpl,1,0
8405,8414,https://github.com/lowRISC/opentitan/pull/8414,hw/ip/clkmgr/data/clkmgr.sv.tpl,52,41
8405,8414,https://github.com/lowRISC/opentitan/pull/8414,hw/ip/clkmgr/dv/env/seq_lib/clkmgr_frequency_vseq.sv,4,2
8405,8414,https://github.com/lowRISC/opentitan/pull/8414,hw/ip/prim/rtl/prim_clock_meas.sv,2,2
8405,8414,https://github.com/lowRISC/opentitan/pull/8414,hw/ip/prim/rtl/prim_reg_cdc.sv,4,4
8405,8414,https://github.com/lowRISC/opentitan/pull/8414,hw/top_earlgrey/ip/clkmgr/data/autogen/clkmgr.hjson,5,0
8405,8414,https://github.com/lowRISC/opentitan/pull/8414,hw/top_earlgrey/ip/clkmgr/rtl/autogen/clkmgr.sv,123,78
8405,8414,https://github.com/lowRISC/opentitan/pull/8414,hw/top_earlgrey/ip/clkmgr/rtl/autogen/clkmgr_reg_top.sv,362,140
8405,8414,https://github.com/lowRISC/opentitan/pull/8414,hw/top_englishbreakfast/data/top_englishbreakfast.hjson,1,0
8354,8423,https://github.com/lowRISC/opentitan/pull/8423,hw/ip/otbn/rtl/otbn_rf_base.sv,19,7
8360,8366,https://github.com/lowRISC/opentitan/pull/8366,hw/ip/keymgr/rtl/keymgr_reseed_ctrl.sv,19,4
8256,8302,https://github.com/lowRISC/opentitan/pull/8302,hw/ip/keymgr/lint/keymgr.waiver,3,0
8256,8302,https://github.com/lowRISC/opentitan/pull/8302,hw/ip/keymgr/rtl/keymgr_ctrl.sv,15,12
8187,8211,https://github.com/lowRISC/opentitan/pull/8211,hw/ip/keymgr/rtl/keymgr_ctrl.sv,15,6
8139,8212,https://github.com/lowRISC/opentitan/pull/8212,hw/ip/prim/rtl/prim_esc_receiver.sv,6,4
8112,8113,https://github.com/lowRISC/opentitan/pull/8113,hw/ip/keymgr/rtl/keymgr_ctrl.sv,1,1
8116,8118,https://github.com/lowRISC/opentitan/pull/8118,hw/ip/keymgr/rtl/keymgr_ctrl.sv,11,5
8049,13428,https://github.com/lowRISC/opentitan/pull/13428,hw/ip/rv_dm/dv/env/rv_dm_scoreboard.sv,3,3
8049,13428,https://github.com/lowRISC/opentitan/pull/13428,hw/ip/rv_dm/rtl/rv_dm.sv,11,5
8053,8099,https://github.com/lowRISC/opentitan/pull/8099,doc/rm/register_tool/index.md,2,0
8053,8099,https://github.com/lowRISC/opentitan/pull/8099,hw/ip/prim/rtl/prim_subreg_shadow.sv,15,7
8053,8099,https://github.com/lowRISC/opentitan/pull/8099,util/reggen/register.py,11,0
7998,7999,https://github.com/lowRISC/opentitan/pull/7999,hw/ip/keymgr/data/keymgr.hjson,23,19
7998,7999,https://github.com/lowRISC/opentitan/pull/7999,hw/ip/keymgr/doc/_index.md,78,30
7998,7999,https://github.com/lowRISC/opentitan/pull/7999,hw/ip/keymgr/dv/env/keymgr_env_cfg.sv,2,2
7998,7999,https://github.com/lowRISC/opentitan/pull/7999,hw/ip/keymgr/dv/env/keymgr_if.sv,2,0
7998,7999,https://github.com/lowRISC/opentitan/pull/7999,hw/ip/keymgr/dv/env/keymgr_scoreboard.sv,129,70
7998,7999,https://github.com/lowRISC/opentitan/pull/7999,hw/ip/keymgr/rtl/keymgr.sv,10,19
7998,7999,https://github.com/lowRISC/opentitan/pull/7999,hw/ip/keymgr/rtl/keymgr_ctrl.sv,82,25
7998,7999,https://github.com/lowRISC/opentitan/pull/7999,hw/ip/keymgr/rtl/keymgr_pkg.sv,36,3
7998,7999,https://github.com/lowRISC/opentitan/pull/7999,hw/ip/keymgr/rtl/keymgr_reg_pkg.sv,24,44
7998,7999,https://github.com/lowRISC/opentitan/pull/7999,hw/ip/keymgr/rtl/keymgr_reg_top.sv,3,34
7998,7999,https://github.com/lowRISC/opentitan/pull/7999,sw/device/lib/dif/dif_keymgr.c,0,3
7998,7999,https://github.com/lowRISC/opentitan/pull/7999,sw/device/lib/dif/dif_keymgr_unittest.cc,1,15
7918,8167,https://github.com/lowRISC/opentitan/pull/8167,hw/ip/rstmgr/data/rstmgr.sv.tpl,6,2
7918,8167,https://github.com/lowRISC/opentitan/pull/8167,hw/ip/rstmgr/dv/env/seq_lib/rstmgr_smoke_vseq.sv,2,2
7918,8167,https://github.com/lowRISC/opentitan/pull/8167,hw/top_earlgrey/ip/rstmgr/rtl/autogen/rstmgr.sv,6,2
7902,7940,https://github.com/lowRISC/opentitan/pull/7940,hw/ip/keymgr/data/keymgr.hjson,1,1
7902,7940,https://github.com/lowRISC/opentitan/pull/7940,hw/ip/keymgr/doc/_index.md,52,7
7902,7940,https://github.com/lowRISC/opentitan/pull/7940,hw/ip/keymgr/dv/env/keymgr_if.sv,11,0
7902,7940,https://github.com/lowRISC/opentitan/pull/7940,hw/ip/keymgr/dv/env/keymgr_scoreboard.sv,70,47
7902,7940,https://github.com/lowRISC/opentitan/pull/7940,hw/ip/keymgr/rtl/keymgr.sv,4,9
7902,7940,https://github.com/lowRISC/opentitan/pull/7940,hw/ip/keymgr/rtl/keymgr_ctrl.sv,188,163
7902,7940,https://github.com/lowRISC/opentitan/pull/7940,hw/ip/keymgr/rtl/keymgr_kmac_if.sv,4,0
7902,7940,https://github.com/lowRISC/opentitan/pull/7940,hw/ip/keymgr/rtl/keymgr_pkg.sv,0,1
7902,7940,https://github.com/lowRISC/opentitan/pull/7940,hw/ip/keymgr/rtl/keymgr_reg_pkg.sv,44,16
7902,7940,https://github.com/lowRISC/opentitan/pull/7940,hw/ip/keymgr/rtl/keymgr_reg_top.sv,8,8
7905,7906,https://github.com/lowRISC/opentitan/pull/7906,hw/ip/csrng/data/csrng.hjson,1,1
7905,7906,https://github.com/lowRISC/opentitan/pull/7906,hw/ip/csrng/rtl/csrng_reg_top.sv,1,1
7909,7927,https://github.com/lowRISC/opentitan/pull/7927,hw/ip/keymgr/rtl/keymgr_sideload_key.sv,4,2
7802,7830,https://github.com/lowRISC/opentitan/pull/7830,hw/ip/pinmux/rtl/pinmux.sv,2,2
7802,7830,https://github.com/lowRISC/opentitan/pull/7830,hw/ip/prim_generic/rtl/prim_generic_usb_diff_rx.sv,2,2
7802,7830,https://github.com/lowRISC/opentitan/pull/7830,hw/ip/usbdev/rtl/usbdev.sv,2,2
7802,7830,https://github.com/lowRISC/opentitan/pull/7830,hw/top_earlgrey/rtl/autogen/chip_earlgrey_asic.sv,7,4
7802,7830,https://github.com/lowRISC/opentitan/pull/7830,util/topgen/templates/chiplevel.sv.tpl,7,4
7764,7869,https://github.com/lowRISC/opentitan/pull/7869,hw/ip/prim/rtl/prim_subreg_shadow.sv,6,4
7745,7746,https://github.com/lowRISC/opentitan/pull/7746,hw/ip/keymgr/rtl/keymgr_sideload_key_ctrl.sv,11,34
7639,7683,https://github.com/lowRISC/opentitan/pull/7683,hw/ip/otbn/rtl/otbn_controller.sv,43,16
7579,7601,https://github.com/lowRISC/opentitan/pull/7601,hw/ip/otbn/rtl/otbn_controller.sv,31,10
7375,7386,https://github.com/lowRISC/opentitan/pull/7386,hw/ip/pwm/rtl/pwm_chan.sv,18,8
7376,7384,https://github.com/lowRISC/opentitan/pull/7384,hw/ip/pwrmgr/rtl/pwrmgr_fsm.sv,3,0
7393,7411,https://github.com/lowRISC/opentitan/pull/7411,hw/ip/keymgr/rtl/keymgr_ctrl.sv,4,2
7294,7300,https://github.com/lowRISC/opentitan/pull/7300,hw/ip/otp_ctrl/dv/env/otp_ctrl_scoreboard.sv,1,2
7294,7300,https://github.com/lowRISC/opentitan/pull/7300,hw/ip/otp_ctrl/rtl/otp_ctrl.sv,1,1
7286,7302,https://github.com/lowRISC/opentitan/pull/7302,hw/ip/lc_ctrl/doc/lc_ctrl_fsm.svg,1,1
7286,7302,https://github.com/lowRISC/opentitan/pull/7302,hw/ip/lc_ctrl/rtl/lc_ctrl_fsm.sv,9,5
7286,7302,https://github.com/lowRISC/opentitan/pull/7302,hw/ip/lc_ctrl/rtl/lc_ctrl_pkg.sv,17,14
7286,7302,https://github.com/lowRISC/opentitan/pull/7302,hw/ip/lc_ctrl/rtl/lc_ctrl_signal_decode.sv,3,0
7286,7302,https://github.com/lowRISC/opentitan/pull/7302,hw/ip/lc_ctrl/rtl/lc_ctrl_state_decode.sv,1,1
7251,7252,https://github.com/lowRISC/opentitan/pull/7252,hw/ip/lc_ctrl/doc/lc_ctrl_function_signals_table.md,8,8
7251,7252,https://github.com/lowRISC/opentitan/pull/7252,hw/ip/lc_ctrl/dv/env/lc_ctrl_env_pkg.sv,1,1
7251,7252,https://github.com/lowRISC/opentitan/pull/7252,hw/ip/lc_ctrl/dv/env/lc_ctrl_scoreboard.sv,1,3
7251,7252,https://github.com/lowRISC/opentitan/pull/7252,hw/ip/lc_ctrl/rtl/lc_ctrl_signal_decode.sv,10,3
7241,7243,https://github.com/lowRISC/opentitan/pull/7243,hw/ip/lc_ctrl/rtl/lc_ctrl_state_transition.sv,13,2
7052,7122,https://github.com/lowRISC/opentitan/pull/7122,hw/ip/otbn/rtl/otbn_controller.sv,3,2
7052,7122,https://github.com/lowRISC/opentitan/pull/7122,hw/ip/otbn/rtl/otbn_core.sv,4,1
7052,7122,https://github.com/lowRISC/opentitan/pull/7122,hw/ip/otbn/rtl/otbn_start_stop_control.sv,4,1
7056,7069,https://github.com/lowRISC/opentitan/pull/7069,hw/ip/tlul/rtl/tlul_adapter_sram.sv,4,3
7041,7029,https://github.com/lowRISC/opentitan/pull/7029,hw/ip/adc_ctrl/rtl/adc_ctrl_reg_top.sv,145,275
7041,7029,https://github.com/lowRISC/opentitan/pull/7029,hw/ip/aes/rtl/aes_reg_top.sv,76,104
7041,7029,https://github.com/lowRISC/opentitan/pull/7029,hw/ip/alert_handler/rtl/alert_handler_reg_top.sv,228,330
7041,7029,https://github.com/lowRISC/opentitan/pull/7029,hw/ip/aon_timer/rtl/aon_timer_reg_top.sv,30,38
7041,7029,https://github.com/lowRISC/opentitan/pull/7029,hw/ip/clkmgr/rtl/clkmgr_reg_top.sv,8,12
7041,7029,https://github.com/lowRISC/opentitan/pull/7029,hw/ip/csrng/rtl/csrng_reg_top.sv,44,73
7041,7029,https://github.com/lowRISC/opentitan/pull/7029,hw/ip/edn/rtl/edn_reg_top.sv,35,47
7041,7029,https://github.com/lowRISC/opentitan/pull/7029,hw/ip/entropy_src/rtl/entropy_src_reg_top.sv,203,379
7041,7029,https://github.com/lowRISC/opentitan/pull/7029,hw/ip/flash_ctrl/rtl/flash_ctrl_core_reg_top.sv,492,1017
7041,7029,https://github.com/lowRISC/opentitan/pull/7029,hw/ip/gpio/rtl/gpio_reg_top.sv,56,68
7041,7029,https://github.com/lowRISC/opentitan/pull/7029,hw/ip/hmac/rtl/hmac_reg_top.sv,64,105
7041,7029,https://github.com/lowRISC/opentitan/pull/7029,hw/ip/i2c/rtl/i2c_reg_top.sv,149,338
7041,7029,https://github.com/lowRISC/opentitan/pull/7029,hw/ip/keymgr/rtl/keymgr_reg_top.sv,126,139
7041,7029,https://github.com/lowRISC/opentitan/pull/7029,hw/ip/kmac/rtl/kmac_reg_top.sv,136,185
7041,7029,https://github.com/lowRISC/opentitan/pull/7029,hw/ip/lc_ctrl/rtl/lc_ctrl_reg_top.sv,59,103
7041,7029,https://github.com/lowRISC/opentitan/pull/7029,hw/ip/nmi_gen/rtl/nmi_gen_reg_top.sv,15,27
7041,7029,https://github.com/lowRISC/opentitan/pull/7029,hw/ip/otbn/rtl/otbn_reg_top.sv,16,20
7041,7029,https://github.com/lowRISC/opentitan/pull/7029,hw/ip/otp_ctrl/rtl/otp_ctrl_reg_top.sv,88,185
7041,7029,https://github.com/lowRISC/opentitan/pull/7029,hw/ip/pattgen/rtl/pattgen_reg_top.sv,38,56
7041,7029,https://github.com/lowRISC/opentitan/pull/7029,hw/ip/pinmux/rtl/pinmux_reg_top.sv,1014,1166
7041,7029,https://github.com/lowRISC/opentitan/pull/7029,hw/ip/pwrmgr/rtl/pwrmgr_reg_top.sv,37,56
7041,7029,https://github.com/lowRISC/opentitan/pull/7029,hw/ip/rom_ctrl/rtl/rom_ctrl_regs_reg_top.sv,2,2
7041,7029,https://github.com/lowRISC/opentitan/pull/7029,hw/ip/rstmgr/rtl/rstmgr_reg_top.sv,24,40
7041,7029,https://github.com/lowRISC/opentitan/pull/7029,hw/ip/rv_plic/rtl/rv_plic_reg_top.sv,140,264
7041,7029,https://github.com/lowRISC/opentitan/pull/7029,hw/ip/rv_timer/rtl/rv_timer_reg_top.sv,20,22
7041,7029,https://github.com/lowRISC/opentitan/pull/7029,hw/ip/spi_device/rtl/spi_device_reg_top.sv,507,1301
7041,7029,https://github.com/lowRISC/opentitan/pull/7029,hw/ip/spi_host/rtl/spi_host_reg_top.sv,60,118
7041,7029,https://github.com/lowRISC/opentitan/pull/7029,hw/ip/sram_ctrl/rtl/sram_ctrl_reg_top.sv,24,40
7041,7029,https://github.com/lowRISC/opentitan/pull/7029,hw/ip/sysrst_ctrl/rtl/sysrst_ctrl_reg_top.sv,180,370
7041,7029,https://github.com/lowRISC/opentitan/pull/7029,hw/ip/trial1/rtl/trial1_reg_top.sv,56,77
7041,7029,https://github.com/lowRISC/opentitan/pull/7029,hw/ip/uart/rtl/uart_reg_top.sv,73,163
7041,7029,https://github.com/lowRISC/opentitan/pull/7029,hw/ip/usbdev/rtl/usbdev_reg_top.sv,273,669
7041,7029,https://github.com/lowRISC/opentitan/pull/7029,hw/ip/usbuart/rtl/usbuart_reg_top.sv,81,185
7041,7029,https://github.com/lowRISC/opentitan/pull/7029,hw/top_earlgrey/ip/alert_handler/rtl/autogen/alert_handler_reg_top.sv,636,738
7041,7029,https://github.com/lowRISC/opentitan/pull/7029,hw/top_earlgrey/ip/ast/rtl/ast_reg_top.sv,120,120
7041,7029,https://github.com/lowRISC/opentitan/pull/7029,hw/top_earlgrey/ip/clkmgr/rtl/autogen/clkmgr_reg_top.sv,18,30
7041,7029,https://github.com/lowRISC/opentitan/pull/7029,hw/top_earlgrey/ip/flash_ctrl/rtl/autogen/flash_ctrl_core_reg_top.sv,492,1017
7041,7029,https://github.com/lowRISC/opentitan/pull/7029,hw/top_earlgrey/ip/pinmux/rtl/autogen/pinmux_reg_top.sv,1467,1663
7041,7029,https://github.com/lowRISC/opentitan/pull/7029,hw/top_earlgrey/ip/pwrmgr/rtl/autogen/pwrmgr_reg_top.sv,44,73
7041,7029,https://github.com/lowRISC/opentitan/pull/7029,hw/top_earlgrey/ip/rstmgr/rtl/autogen/rstmgr_reg_top.sv,49,99
7041,7029,https://github.com/lowRISC/opentitan/pull/7029,hw/top_earlgrey/ip/rv_plic/rtl/autogen/rv_plic_reg_top.sv,752,1448
7041,7029,https://github.com/lowRISC/opentitan/pull/7029,hw/top_earlgrey/ip/sensor_ctrl/rtl/sensor_ctrl_reg_top.sv,62,158
7041,7029,https://github.com/lowRISC/opentitan/pull/7029,util/reggen/access.py,10,0
7041,7029,https://github.com/lowRISC/opentitan/pull/7029,util/reggen/reg_top.sv.tpl,55,43
7041,7029,https://github.com/lowRISC/opentitan/pull/7029,util/reggen/register.py,34,0
6937,7014,https://github.com/lowRISC/opentitan/pull/7014,hw/ip/lc_ctrl/data/lc_ctrl.hjson,4,4
6937,7014,https://github.com/lowRISC/opentitan/pull/7014,hw/ip/lc_ctrl/doc/_index.md,8,9
6937,7014,https://github.com/lowRISC/opentitan/pull/7014,hw/ip/lc_ctrl/doc/lc_ctrl_blockdiag.svg,1,1
6937,7014,https://github.com/lowRISC/opentitan/pull/7014,hw/ip/lc_ctrl/dv/env/lc_ctrl_env.sv,14,14
6937,7014,https://github.com/lowRISC/opentitan/pull/7014,hw/ip/lc_ctrl/dv/env/lc_ctrl_env_cfg.sv,10,10
6937,7014,https://github.com/lowRISC/opentitan/pull/7014,hw/ip/lc_ctrl/dv/tb.sv,10,10
6937,7014,https://github.com/lowRISC/opentitan/pull/7014,hw/ip/lc_ctrl/rtl/lc_ctrl.sv,26,17
6937,7014,https://github.com/lowRISC/opentitan/pull/7014,hw/ip/lc_ctrl/rtl/lc_ctrl_fsm.sv,3,4
6937,7014,https://github.com/lowRISC/opentitan/pull/7014,hw/ip/lc_ctrl/rtl/lc_ctrl_signal_decode.sv,0,10
6937,7014,https://github.com/lowRISC/opentitan/pull/7014,hw/ip/otp_ctrl/doc/_index.md,2,4
6937,7014,https://github.com/lowRISC/opentitan/pull/7014,hw/ip/otp_ctrl/rtl/otp_ctrl.sv,1,11
6937,7014,https://github.com/lowRISC/opentitan/pull/7014,hw/top_earlgrey/data/autogen/top_earlgrey.gen.hjson,12,12
6937,7014,https://github.com/lowRISC/opentitan/pull/7014,hw/top_earlgrey/data/top_earlgrey.hjson,4,4
6937,7014,https://github.com/lowRISC/opentitan/pull/7014,hw/top_earlgrey/rtl/autogen/top_earlgrey.sv,4,4
6937,7014,https://github.com/lowRISC/opentitan/pull/7014,hw/top_englishbreakfast/data/top_englishbreakfast.hjson,4,4
6842,7262,https://github.com/lowRISC/opentitan/pull/7262,hw/ip/kmac/dv/env/kmac_scoreboard.sv,83,46
6842,7262,https://github.com/lowRISC/opentitan/pull/7262,hw/ip/kmac/rtl/kmac.sv,5,2
6842,7262,https://github.com/lowRISC/opentitan/pull/7262,hw/ip/kmac/rtl/kmac_errchk.sv,10,2
6819,7034,https://github.com/lowRISC/opentitan/pull/7034,hw/ip/pwrmgr/rtl/pwrmgr_fsm.sv,5,5
6819,7034,https://github.com/lowRISC/opentitan/pull/7034,hw/ip/rstmgr/data/rstmgr.sv.tpl,8,2
6819,7034,https://github.com/lowRISC/opentitan/pull/7034,hw/top_earlgrey/ip/rstmgr/rtl/autogen/rstmgr.sv,8,2
6718,6721,https://github.com/lowRISC/opentitan/pull/6721,hw/ip/rv_plic/rtl/rv_plic_target.sv,2,2
6605,6607,https://github.com/lowRISC/opentitan/pull/6607,hw/ip/otp_ctrl/rtl/otp_ctrl_kdi.sv,13,4
6575,6574,https://github.com/lowRISC/opentitan/pull/6574,hw/ip/prim/rtl/prim_fifo_async.sv,2,2
6537,6538,https://github.com/lowRISC/opentitan/pull/6538,hw/ip/csrng/dv/env/csrng_env_pkg.sv,1,1
6537,6538,https://github.com/lowRISC/opentitan/pull/6538,hw/ip/csrng/rtl/csrng_ctr_drbg_cmd.sv,31,6
6537,6538,https://github.com/lowRISC/opentitan/pull/6538,hw/ip/csrng/rtl/csrng_ctr_drbg_gen.sv,3,3
6537,6538,https://github.com/lowRISC/opentitan/pull/6538,hw/ip/csrng/rtl/csrng_state_db.sv,1,0
6526,6786,https://github.com/lowRISC/opentitan/pull/6786,hw/ip/pwm/rtl/pwm_chan.sv,102,19
6526,6786,https://github.com/lowRISC/opentitan/pull/6786,hw/ip/pwm/rtl/pwm_core.sv,1,0
6504,8921,https://github.com/lowRISC/opentitan/pull/8921,hw/ip/clkmgr/clkmgr_components.core,2,0
6504,8921,https://github.com/lowRISC/opentitan/pull/8921,hw/ip/clkmgr/data/clkmgr.sv.tpl,31,84
6504,8921,https://github.com/lowRISC/opentitan/pull/8921,hw/ip/clkmgr/dv/env/clkmgr_if.sv,17,8
6504,8921,https://github.com/lowRISC/opentitan/pull/8921,hw/ip/clkmgr/dv/env/seq_lib/clkmgr_base_vseq.sv,56,35
6504,8921,https://github.com/lowRISC/opentitan/pull/8921,hw/ip/clkmgr/dv/env/seq_lib/clkmgr_extclk_vseq.sv,3,1
6504,8921,https://github.com/lowRISC/opentitan/pull/8921,hw/ip/clkmgr/dv/env/seq_lib/clkmgr_peri_vseq.sv,3,1
6504,8921,https://github.com/lowRISC/opentitan/pull/8921,hw/ip/clkmgr/dv/env/seq_lib/clkmgr_smoke_vseq.sv,3,1
6504,8921,https://github.com/lowRISC/opentitan/pull/8921,hw/ip/clkmgr/dv/env/seq_lib/clkmgr_trans_vseq.sv,3,1
6504,8921,https://github.com/lowRISC/opentitan/pull/8921,hw/ip/clkmgr/dv/sva/clkmgr_bind.sv,17,10
6504,8921,https://github.com/lowRISC/opentitan/pull/8921,hw/ip/clkmgr/dv/sva/clkmgr_div_sva_if.sv,6,6
6504,8921,https://github.com/lowRISC/opentitan/pull/8921,hw/ip/clkmgr/dv/sva/clkmgr_pwrmgr_sva_if.sv,22,11
6504,8921,https://github.com/lowRISC/opentitan/pull/8921,hw/ip/clkmgr/rtl/clkmgr_clk_status.sv,58,0
6504,8921,https://github.com/lowRISC/opentitan/pull/8921,hw/ip/clkmgr/rtl/clkmgr_root_ctrl.sv,41,0
6504,8921,https://github.com/lowRISC/opentitan/pull/8921,hw/ip/pwrmgr/dv/env/pwrmgr_if.sv,2,2
6504,8921,https://github.com/lowRISC/opentitan/pull/8921,hw/ip/pwrmgr/dv/env/seq_lib/pwrmgr_base_vseq.sv,28,7
6504,8921,https://github.com/lowRISC/opentitan/pull/8921,hw/ip/pwrmgr/dv/env/seq_lib/pwrmgr_wakeup_vseq.sv,1,1
6504,8921,https://github.com/lowRISC/opentitan/pull/8921,hw/ip/pwrmgr/dv/sva/pwrmgr_clock_enables_sva_if.sv,1,1
6504,8921,https://github.com/lowRISC/opentitan/pull/8921,hw/ip/pwrmgr/rtl/pwrmgr.sv,25,13
6504,8921,https://github.com/lowRISC/opentitan/pull/8921,hw/ip/pwrmgr/rtl/pwrmgr_cdc.sv,22,0
6504,8921,https://github.com/lowRISC/opentitan/pull/8921,hw/ip/pwrmgr/rtl/pwrmgr_fsm.sv,41,5
6504,8921,https://github.com/lowRISC/opentitan/pull/8921,hw/ip/pwrmgr/rtl/pwrmgr_pkg.sv,6,2
6504,8921,https://github.com/lowRISC/opentitan/pull/8921,hw/ip/pwrmgr/rtl/pwrmgr_slow_fsm.sv,17,1
6504,8921,https://github.com/lowRISC/opentitan/pull/8921,hw/top_earlgrey/ip/clkmgr/rtl/autogen/clkmgr.sv,84,141
6504,8921,https://github.com/lowRISC/opentitan/pull/8921,sw/device/lib/testing/pwrmgr_testutils.c,0,4
6504,8921,https://github.com/lowRISC/opentitan/pull/8921,sw/device/tests/pwrmgr_smoketest.c,2,3
6504,8921,https://github.com/lowRISC/opentitan/pull/8921,util/topgen/clocks.py,19,1
6505,6511,https://github.com/lowRISC/opentitan/pull/6511,hw/ip/aon_timer/data/aon_timer.hjson,1,1
6505,6511,https://github.com/lowRISC/opentitan/pull/6511,hw/ip/aon_timer/doc/dv/domains.svg,1,1
6505,6511,https://github.com/lowRISC/opentitan/pull/6511,hw/ip/aon_timer/dv/env/aon_timer_core_if.sv,1,1
6505,6511,https://github.com/lowRISC/opentitan/pull/6511,hw/ip/aon_timer/dv/env/aon_timer_env.sv,2,2
6505,6511,https://github.com/lowRISC/opentitan/pull/6511,hw/ip/aon_timer/dv/env/aon_timer_env_cfg.sv,1,1
6505,6511,https://github.com/lowRISC/opentitan/pull/6511,hw/ip/aon_timer/dv/env/seq_lib/aon_timer_base_vseq.sv,3,3
6505,6511,https://github.com/lowRISC/opentitan/pull/6511,hw/ip/aon_timer/dv/tb.sv,9,8
6505,6511,https://github.com/lowRISC/opentitan/pull/6511,hw/ip/aon_timer/rtl/aon_timer.sv,6,6
6505,6511,https://github.com/lowRISC/opentitan/pull/6511,hw/ip/aon_timer/rtl/aon_timer_core.sv,4,4
6505,6511,https://github.com/lowRISC/opentitan/pull/6511,hw/top_earlgrey/data/autogen/top_earlgrey.gen.hjson,2,5
6505,6511,https://github.com/lowRISC/opentitan/pull/6511,hw/top_earlgrey/data/top_earlgrey.hjson,1,1
6505,6511,https://github.com/lowRISC/opentitan/pull/6511,hw/top_earlgrey/rtl/autogen/top_earlgrey.sv,1,1
6516,6523,https://github.com/lowRISC/opentitan/pull/6523,hw/ip/rom_ctrl/rtl/rom_ctrl_mux.sv,2,2
6494,6498,https://github.com/lowRISC/opentitan/pull/6498,hw/ip/otp_ctrl/rtl/otp_ctrl_lci.sv,1,1
6497,7377,https://github.com/lowRISC/opentitan/pull/7377,hw/ip/spi_host/rtl/spi_host_fsm.sv,103,43
6418,6555,https://github.com/lowRISC/opentitan/pull/6555,hw/ip/pinmux/rtl/pinmux.sv,15,10
6418,6555,https://github.com/lowRISC/opentitan/pull/6555,hw/ip/pinmux/rtl/pinmux_strap_sampling.sv,32,20
6345,6361,https://github.com/lowRISC/opentitan/pull/6361,hw/ip/kmac/rtl/kmac_app.sv,1,1
5870,5873,https://github.com/lowRISC/opentitan/pull/5873,hw/ip/otp_ctrl/rtl/otp_ctrl_part_buf.sv,1,1
5774,5780,https://github.com/lowRISC/opentitan/pull/5780,hw/ip/spi_device/lint/spi_device.waiver,7,0
5774,5780,https://github.com/lowRISC/opentitan/pull/5780,hw/ip/spi_device/rtl/spi_device.sv,23,5
5790,5811,https://github.com/lowRISC/opentitan/pull/5811,hw/ip/otp_ctrl/rtl/otp_ctrl_part_unbuf.sv,18,3
5655,5678,https://github.com/lowRISC/opentitan/pull/5678,hw/ip/otbn/rtl/otbn_controller.sv,2,2
5589,5594,https://github.com/lowRISC/opentitan/pull/5594,hw/ip/aes/data/aes.hjson,0,9
5589,5594,https://github.com/lowRISC/opentitan/pull/5594,hw/top_earlgrey/data/autogen/top_earlgrey.gen.hjson,0,8
5589,5594,https://github.com/lowRISC/opentitan/pull/5594,hw/top_earlgrey/data/top_earlgrey.sv.tpl,8,5
5589,5594,https://github.com/lowRISC/opentitan/pull/5594,hw/top_earlgrey/ip/sensor_ctrl/rtl/sensor_ctrl.sv,2,2
5589,5594,https://github.com/lowRISC/opentitan/pull/5594,hw/top_earlgrey/rtl/autogen/top_earlgrey.sv,21,18
5573,5577,https://github.com/lowRISC/opentitan/pull/5577,hw/ip/tlul/rtl/tlul_adapter_reg.sv,2,2
5175,5176,https://github.com/lowRISC/opentitan/pull/5176/,hw/ip/prim_generic/rtl/prim_generic_otp.sv,4,1
5124,5125,https://github.com/lowRISC/opentitan/pull/5125,hw/ip/keymgr/data/keymgr.hjson,3,1
5124,5125,https://github.com/lowRISC/opentitan/pull/5125,hw/ip/keymgr/rtl/keymgr_reg_top.sv,4,4
5132,5148,https://github.com/lowRISC/opentitan/pull/5148,hw/ip/otp_ctrl/rtl/otp_ctrl.sv,4,4
5132,5148,https://github.com/lowRISC/opentitan/pull/5148,hw/ip/otp_ctrl/rtl/otp_ctrl_dai.sv,3,0
5132,5148,https://github.com/lowRISC/opentitan/pull/5148,hw/ip/otp_ctrl/rtl/otp_ctrl_lci.sv,8,6
4941,5721,https://github.com/lowRISC/opentitan/pull/5721,hw/ip/keymgr/rtl/keymgr_ctrl.sv,16,8
4852,4859,https://github.com/lowRISC/opentitan/pull/4859,hw/ip/otp_ctrl/rtl/otp_ctrl_kdi.sv,1,0
4825,4858,https://github.com/lowRISC/opentitan/pull/4858,hw/ip/otp_ctrl/rtl/otp_ctrl_dai.sv,6,7
4817,4818,https://github.com/lowRISC/opentitan/pull/4818,hw/ip/keymgr/rtl/keymgr_ctrl.sv,9,5
4799,4801,https://github.com/lowRISC/opentitan/pull/4801,hw/ip/otp_ctrl/rtl/otp_ctrl_dai.sv,8,3
4721,4809,https://github.com/lowRISC/opentitan/pull/4809,hw/ip/otbn/rtl/otbn_decoder.sv,2,2
4722,4723,https://github.com/lowRISC/opentitan/pull/4723,hw/ip/otbn/rtl/otbn_controller.sv,2,0
4722,4723,https://github.com/lowRISC/opentitan/pull/4723,hw/ip/otbn/rtl/otbn_core.sv,3,0
4722,4723,https://github.com/lowRISC/opentitan/pull/4723,hw/ip/otbn/rtl/otbn_rf_base.sv,2,1
4694,10703,https://github.com/lowRISC/opentitan/pull/10703,hw/ip/pwrmgr/rtl/pwrmgr_cdc.sv,1,1
4680,4755,https://github.com/lowRISC/opentitan/pull/4755,hw/ip/keymgr/data/keymgr.hjson,14,4
4680,4755,https://github.com/lowRISC/opentitan/pull/4755,hw/ip/keymgr/doc/_index.md,14,9
4680,4755,https://github.com/lowRISC/opentitan/pull/4755,hw/ip/keymgr/dv/env/keymgr_env_pkg.sv,7,1
4680,4755,https://github.com/lowRISC/opentitan/pull/4755,hw/ip/keymgr/lint/keymgr.waiver,3,0
4680,4755,https://github.com/lowRISC/opentitan/pull/4755,hw/ip/keymgr/rtl/keymgr.sv,30,4
4680,4755,https://github.com/lowRISC/opentitan/pull/4755,hw/ip/keymgr/rtl/keymgr_cfg_en.sv,18,5
4680,4755,https://github.com/lowRISC/opentitan/pull/4755,hw/ip/keymgr/rtl/keymgr_ctrl.sv,38,26
4680,4755,https://github.com/lowRISC/opentitan/pull/4755,hw/ip/keymgr/rtl/keymgr_pkg.sv,8,6
4680,4755,https://github.com/lowRISC/opentitan/pull/4755,hw/ip/keymgr/rtl/keymgr_reg_pkg.sv,17,12
4680,4755,https://github.com/lowRISC/opentitan/pull/4755,hw/ip/keymgr/rtl/keymgr_reg_top.sv,14,23
4665,4683,https://github.com/lowRISC/opentitan/pull/4683,hw/ip/keymgr/rtl/keymgr.sv,1,1
4665,4683,https://github.com/lowRISC/opentitan/pull/4683,hw/ip/keymgr/rtl/keymgr_ctrl.sv,9,6
4665,4683,https://github.com/lowRISC/opentitan/pull/4683,hw/ip/keymgr/rtl/keymgr_kmac_if.sv,5,1
4586,4587,https://github.com/lowRISC/opentitan/pull/4587,hw/ip/otp_ctrl/dv/env/otp_ctrl_scoreboard.sv,30,0
4586,4587,https://github.com/lowRISC/opentitan/pull/4587,hw/ip/otp_ctrl/rtl/otp_ctrl_scrmbl.sv,1,1
4556,4559,https://github.com/lowRISC/opentitan/pull/4559,hw/ip/lc_ctrl/rtl/lc_ctrl.sv,8,8
4411,4420,https://github.com/lowRISC/opentitan/pull/4420,hw/ip/keymgr/rtl/keymgr.sv,6,1
4411,4420,https://github.com/lowRISC/opentitan/pull/4420,hw/ip/keymgr/rtl/keymgr_ctrl.sv,3,1
4411,4420,https://github.com/lowRISC/opentitan/pull/4420,hw/ip/keymgr/rtl/keymgr_kmac_if.sv,2,1
4363,4382,https://github.com/lowRISC/opentitan/pull/4382,hw/ip/otp_ctrl/rtl/otp_ctrl_part_unbuf.sv,2,2
4292,4439,https://github.com/lowRISC/opentitan/pull/4439,hw/ip/keymgr/data/keymgr.hjson,57,2
4292,4439,https://github.com/lowRISC/opentitan/pull/4439,hw/ip/keymgr/rtl/keymgr.sv,20,9
4292,4439,https://github.com/lowRISC/opentitan/pull/4439,hw/ip/keymgr/rtl/keymgr_ctrl.sv,14,8
4292,4439,https://github.com/lowRISC/opentitan/pull/4439,hw/ip/keymgr/rtl/keymgr_pkg.sv,27,9
4292,4439,https://github.com/lowRISC/opentitan/pull/4439,hw/ip/prim/util/gen-lfsr-seed.py,23,4
4292,4439,https://github.com/lowRISC/opentitan/pull/4439,hw/top_earlgrey/data/autogen/top_earlgrey.gen.hjson,99,1
4292,4439,https://github.com/lowRISC/opentitan/pull/4439,hw/top_earlgrey/data/top_earlgrey_rnd_cnst_pkg.sv.tpl,2,1
4292,4439,https://github.com/lowRISC/opentitan/pull/4439,hw/top_earlgrey/rtl/autogen/top_earlgrey.sv,10,1
4292,4439,https://github.com/lowRISC/opentitan/pull/4439,hw/top_earlgrey/rtl/autogen/top_earlgrey_rnd_cnst_pkg.sv,44,0
4199,4214,https://github.com/lowRISC/opentitan/pull/4214,hw/ip/otp_ctrl/rtl/otp_ctrl_dai.sv,2,1
4199,4214,https://github.com/lowRISC/opentitan/pull/4214,hw/ip/otp_ctrl/rtl/otp_ctrl_part_buf.sv,3,2
4168,4171,https://github.com/lowRISC/opentitan/pull/4171,hw/ip/otbn/dv/smoke/smoke_test.s,1,1
4168,4171,https://github.com/lowRISC/opentitan/pull/4171,hw/ip/otbn/rtl/otbn_alu_bignum.sv,50,44
4049,4065,https://github.com/lowRISC/opentitan/pull/4065,hw/ip/aes/rtl/aes.sv,3,3
4049,4065,https://github.com/lowRISC/opentitan/pull/4065,hw/ip/otbn/rtl/otbn.sv,6,8
4049,4065,https://github.com/lowRISC/opentitan/pull/4065,hw/ip/otp_ctrl/rtl/otp_ctrl.sv,5,5
3910,3911,https://github.com/lowRISC/opentitan/pull/3911,hw/ip/tlul/rtl/tlul_socket_1n.sv,7,6
3797,3843,https://github.com/lowRISC/opentitan/pull/3843,hw/ip/otp_ctrl/data/otp_ctrl.hjson,13,39
3797,3843,https://github.com/lowRISC/opentitan/pull/3843,hw/ip/otp_ctrl/doc/_index.md,1,1
3797,3843,https://github.com/lowRISC/opentitan/pull/3843,hw/ip/otp_ctrl/lint/otp_ctrl.waiver,3,0
3797,3843,https://github.com/lowRISC/opentitan/pull/3843,hw/ip/otp_ctrl/rtl/otp_ctrl.sv,115,12
3797,3843,https://github.com/lowRISC/opentitan/pull/3843,hw/ip/otp_ctrl/rtl/otp_ctrl_dai.sv,1,1
3797,3843,https://github.com/lowRISC/opentitan/pull/3843,hw/ip/otp_ctrl/rtl/otp_ctrl_part_unbuf.sv,47,57
3797,3843,https://github.com/lowRISC/opentitan/pull/3843,hw/ip/otp_ctrl/rtl/otp_ctrl_pkg.sv,2,0
3797,3843,https://github.com/lowRISC/opentitan/pull/3843,hw/ip/otp_ctrl/rtl/otp_ctrl_reg_pkg.sv,38,42
3797,3843,https://github.com/lowRISC/opentitan/pull/3843,hw/ip/otp_ctrl/rtl/otp_ctrl_reg_top.sv,16,21
3797,3843,https://github.com/lowRISC/opentitan/pull/3843,hw/top_earlgrey/data/autogen/top_earlgrey.gen.hjson,3,3
3797,3843,https://github.com/lowRISC/opentitan/pull/3843,hw/top_earlgrey/dv/autogen/xbar_env_pkg__params.sv,1,1
3797,3843,https://github.com/lowRISC/opentitan/pull/3843,hw/top_earlgrey/ip/xbar_main/data/autogen/xbar_main.gen.hjson,1,1
3797,3843,https://github.com/lowRISC/opentitan/pull/3843,hw/top_earlgrey/ip/xbar_main/dv/autogen/xbar_env_pkg__params.sv,1,1
3797,3843,https://github.com/lowRISC/opentitan/pull/3843,hw/top_earlgrey/ip/xbar_main/rtl/autogen/tl_main_pkg.sv,1,1
3797,3843,https://github.com/lowRISC/opentitan/pull/3843,hw/top_earlgrey/ip/xbar_peri/data/autogen/xbar_peri.gen.hjson,1,1
3797,3843,https://github.com/lowRISC/opentitan/pull/3843,hw/top_earlgrey/ip/xbar_peri/dv/autogen/xbar_env_pkg__params.sv,1,1
3797,3843,https://github.com/lowRISC/opentitan/pull/3843,hw/top_earlgrey/ip/xbar_peri/rtl/autogen/tl_peri_pkg.sv,1,1
3797,3843,https://github.com/lowRISC/opentitan/pull/3843,hw/top_earlgrey/rtl/autogen/top_earlgrey_pkg.sv,1,1
3797,3843,https://github.com/lowRISC/opentitan/pull/3843,hw/top_earlgrey/sw/autogen/top_earlgrey.h,1,1
3784,3785,https://github.com/lowRISC/opentitan/pull/3785,hw/ip/otp_ctrl/rtl/otp_ctrl_scrmbl.sv,20,17
3784,3785,https://github.com/lowRISC/opentitan/pull/3785,hw/ip/prim/doc/prim_present.md,20,7
3784,3785,https://github.com/lowRISC/opentitan/pull/3785,hw/ip/prim/dv/prim_present/tb/prim_present_tb.sv,10,1
3784,3785,https://github.com/lowRISC/opentitan/pull/3785,hw/ip/prim/lint/prim.waiver,4,0
3784,3785,https://github.com/lowRISC/opentitan/pull/3785,hw/ip/prim/rtl/prim_cipher_pkg.sv,9,15
3784,3785,https://github.com/lowRISC/opentitan/pull/3785,hw/ip/prim/rtl/prim_present.sv,20,11
3740,3742,https://github.com/lowRISC/opentitan/pull/3742,hw/ip/keymgr/data/keymgr.hjson,11,3
3740,3742,https://github.com/lowRISC/opentitan/pull/3742,hw/ip/keymgr/doc/_index.md,50,1
3740,3742,https://github.com/lowRISC/opentitan/pull/3742,hw/ip/keymgr/dv/env/seq_lib/keymgr_base_vseq.sv,2,0
3740,3742,https://github.com/lowRISC/opentitan/pull/3742,hw/ip/keymgr/rtl/keymgr.sv,65,19
3740,3742,https://github.com/lowRISC/opentitan/pull/3742,hw/ip/keymgr/rtl/keymgr_ctrl.sv,22,12
3740,3742,https://github.com/lowRISC/opentitan/pull/3742,hw/ip/keymgr/rtl/keymgr_kmac_if.sv,6,3
3740,3742,https://github.com/lowRISC/opentitan/pull/3742,hw/ip/keymgr/rtl/keymgr_pkg.sv,1,2
3740,3742,https://github.com/lowRISC/opentitan/pull/3742,hw/ip/keymgr/rtl/keymgr_reg_pkg.sv,13,7
3740,3742,https://github.com/lowRISC/opentitan/pull/3742,hw/ip/keymgr/rtl/keymgr_reg_top.sv,31,9
3740,3742,https://github.com/lowRISC/opentitan/pull/3742,hw/top_earlgrey/data/autogen/top_earlgrey.gen.hjson,29,2
3740,3742,https://github.com/lowRISC/opentitan/pull/3742,hw/top_earlgrey/dv/autogen/tb__alert_handler_connect.sv,3,2
3740,3742,https://github.com/lowRISC/opentitan/pull/3742,hw/top_earlgrey/dv/env/autogen/alert_handler_env_pkg__params.sv,3,2
3740,3742,https://github.com/lowRISC/opentitan/pull/3742,hw/top_earlgrey/ip/alert_handler/data/autogen/alert_handler.hjson,2,2
3740,3742,https://github.com/lowRISC/opentitan/pull/3742,hw/top_earlgrey/ip/alert_handler/dv/alert_handler_env_pkg__params.sv,2,2
3740,3742,https://github.com/lowRISC/opentitan/pull/3742,hw/top_earlgrey/ip/alert_handler/rtl/autogen/alert_handler_reg_pkg.sv,12,12
3740,3742,https://github.com/lowRISC/opentitan/pull/3742,hw/top_earlgrey/ip/alert_handler/rtl/autogen/alert_handler_reg_top.sv,99,0
3740,3742,https://github.com/lowRISC/opentitan/pull/3742,hw/top_earlgrey/rtl/autogen/top_earlgrey.sv,13,12
3740,3742,https://github.com/lowRISC/opentitan/pull/3742,hw/top_earlgrey/sw/autogen/top_earlgrey.c,3,2
3740,3742,https://github.com/lowRISC/opentitan/pull/3742,hw/top_earlgrey/sw/autogen/top_earlgrey.h,6,5
3624,3627,https://github.com/lowRISC/opentitan/pull/3627,hw/ip/otp_ctrl/data/otp_ctrl.hjson,2,0
3624,3627,https://github.com/lowRISC/opentitan/pull/3627,hw/ip/otp_ctrl/rtl/otp_ctrl_reg_top.sv,32,77
3533,3535,https://github.com/lowRISC/opentitan/pull/3535,hw/ip/keymgr/data/keymgr.hjson,2,2
3533,3535,https://github.com/lowRISC/opentitan/pull/3535,hw/ip/keymgr/rtl/keymgr_reg_top.sv,15,15
3236,3237,https://github.com/lowRISC/opentitan/pull/3237,hw/dv/sv/common_ifs/pins_if.sv,17,16
3236,3237,https://github.com/lowRISC/opentitan/pull/3237,hw/ip/prim_generic/rtl/prim_generic_pad_wrapper.sv,1,2
3236,3237,https://github.com/lowRISC/opentitan/pull/3237,hw/top_earlgrey/dv/chip_sim_cfg.hjson,6,5
3236,3237,https://github.com/lowRISC/opentitan/pull/3237,hw/top_earlgrey/dv/env/seq_lib/chip_sw_gpio_vseq.sv,4,4
3236,3237,https://github.com/lowRISC/opentitan/pull/3237,sw/device/tests/dif/dif_rv_timer_sanitytest.c,1,1
2995,2996,https://github.com/lowRISC/opentitan/pull/2996,hw/ip/flash_ctrl/rtl/flash_ctrl.sv,1,1
2848,13854,https://github.com/lowRISC/opentitan/pull/13854,hw/ip/hmac/rtl/hmac.sv,3,8
2848,13854,https://github.com/lowRISC/opentitan/pull/13854,hw/ip/hmac/rtl/hmac_pkg.sv,6,0
2755,2762,https://github.com/lowRISC/opentitan/pull/2762,hw/ip/flash_ctrl/data/flash_ctrl.hjson,2,2
2755,2762,https://github.com/lowRISC/opentitan/pull/2762,hw/ip/flash_ctrl/rtl/flash_ctrl.sv,1,1
2755,2762,https://github.com/lowRISC/opentitan/pull/2762,hw/ip/flash_ctrl/rtl/flash_ctrl_reg_pkg.sv,7,7
2755,2762,https://github.com/lowRISC/opentitan/pull/2762,hw/ip/flash_ctrl/rtl/flash_ctrl_reg_top.sv,80,80
2755,2762,https://github.com/lowRISC/opentitan/pull/2762,hw/ip/flash_ctrl/rtl/flash_mp.sv,4,3
2754,2760,https://github.com/lowRISC/opentitan/pull/2760,hw/ip/flash_ctrl/rtl/flash_mp.sv,4,3
1621,1729,https://github.com/lowRISC/opentitan/pull/1729,hw/ip/pinmux/rtl/pinmux.sv,2,6
991,1014,https://github.com/lowRISC/opentitan/pull/1014,hw/ip/hmac/data/hmac.hjson,15,2
991,1014,https://github.com/lowRISC/opentitan/pull/1014,hw/ip/hmac/doc/_index.md,7,0
991,1014,https://github.com/lowRISC/opentitan/pull/1014,hw/ip/hmac/rtl/hmac.sv,68,10
991,1014,https://github.com/lowRISC/opentitan/pull/1014,hw/ip/hmac/rtl/hmac_pkg.sv,2,1
991,1014,https://github.com/lowRISC/opentitan/pull/1014,hw/ip/hmac/rtl/hmac_reg_pkg.sv,35,15
991,1014,https://github.com/lowRISC/opentitan/pull/1014,hw/ip/hmac/rtl/hmac_reg_top.sv,89,205
979,1033,https://github.com/lowRISC/opentitan/pull/1033,hw/ip/tlul/rtl/tlul_socket_1n.sv,8,6
822,829,https://github.com/lowRISC/opentitan/pull/829,hw/ip/tlul/rtl/tlul_err_resp.sv,7,4
273,284,https://github.com/lowRISC/opentitan/pull/284,hw/ip/tlul/rtl/tlul_adapter_sram.sv,84,21
